Timestamp,Device,Command
2025-12-20T17:08:46.494963+00:00,Nanoleaf1624,ON
2025-12-20T17:09:03.502542+00:00,HueWhite1549,ON
2025-12-20T17:09:36.491948+00:00,ESP1light,ON
2025-12-20T17:09:47.497945+00:00,Nanoleaf1624,OFF
2025-12-20T17:10:16.493967+00:00,ESP2light,ON
2025-12-20T17:10:25.491405+00:00,ESP2light,OFF
2025-12-20T17:10:43.490573+00:00,HueWhite1549,OFF
2025-12-20T17:11:20.541453+00:00,HueWhite0475,ON
2025-12-20T17:11:37.494311+00:00,ESP3light,ON
2025-12-20T17:12:11.485627+00:00,ESP2light,ON
2025-12-20T17:13:28.486641+00:00,HueWhite1549,ON
2025-12-20T17:13:30.494995+00:00,ESP1light,OFF
2025-12-20T17:13:47.486238+00:00,ESP1light,ON
2025-12-20T17:14:14.489009+00:00,ESP1light,OFF
2025-12-20T17:14:53.507588+00:00,Nanoleaf0176,ON
2025-12-20T17:14:53.509062+00:00,HueWhite1549,OFF
2025-12-20T17:15:48.486091+00:00,HueWhite1549,ON
2025-12-20T17:15:59.487814+00:00,ESP3light,OFF
2025-12-20T17:16:27.488244+00:00,Nanoleaf1624,ON
2025-12-20T17:16:51.490715+00:00,Nanoleaf0176,OFF
2025-12-20T17:17:27.485052+00:00,HueWhite0475,OFF
2025-12-20T17:17:38.487339+00:00,HueWhite1549,OFF
2025-12-20T17:17:40.483883+00:00,Nanoleaf0176,ON
2025-12-20T17:18:22.486964+00:00,ESP2light,OFF
2025-12-20T17:19:17.488505+00:00,ESP1light,ON
2025-12-20T17:19:27.488491+00:00,ESP2light,ON
2025-12-20T17:19:41.486819+00:00,ESP1light,OFF
2025-12-20T17:20:52.484527+00:00,HueWhite0475,ON
2025-12-20T17:21:14.488625+00:00,ESP3light,ON
2025-12-20T17:21:39.486661+00:00,ESP3light,OFF
2025-12-20T17:22:11.488167+00:00,HueWhite1549,ON
2025-12-20T17:22:21.487926+00:00,ESP3light,ON
2025-12-20T17:22:28.492325+00:00,ESP2light,OFF
2025-12-20T17:23:22.485430+00:00,ESP3light,OFF
2025-12-20T17:23:35.487790+00:00,ESP3light,ON
2025-12-20T17:23:45.488177+00:00,HueWhite0475,OFF
2025-12-20T17:23:56.487624+00:00,HueWhite1549,OFF
2025-12-20T17:24:44.488410+00:00,HueWhite1549,ON
2025-12-20T17:25:11.487440+00:00,Nanoleaf1624,OFF
2025-12-20T17:25:26.486154+00:00,HueWhite1549,OFF
2025-12-20T17:25:49.488653+00:00,ESP3light,OFF
2025-12-20T17:26:01.489133+00:00,ESP2light,ON
2025-12-20T17:26:30.485309+00:00,ESP2light,OFF
2025-12-20T17:27:15.488001+00:00,HueWhite0475,ON
2025-12-20T17:27:19.487125+00:00,ESP2light,ON
2025-12-20T17:28:06.495619+00:00,Nanoleaf1624,ON
2025-12-20T17:28:44.486835+00:00,HueWhite1549,ON
2025-12-20T17:28:45.487757+00:00,HueWhite0475,OFF
2025-12-20T17:28:48.486391+00:00,HueWhite1549,OFF
2025-12-20T17:30:01.493479+00:00,HueWhite1549,ON
2025-12-20T17:30:09.486142+00:00,ESP2light,OFF
2025-12-20T17:30:43.486289+00:00,ESP3light,ON
2025-12-20T17:31:32.485197+00:00,HueWhite1549,OFF
2025-12-20T17:31:41.489168+00:00,ESP3light,OFF
2025-12-20T17:32:38.494625+00:00,ESP3light,ON
2025-12-20T17:33:01.484374+00:00,Nanoleaf0176,OFF
2025-12-20T17:33:02.487751+00:00,ESP1light,ON
2025-12-20T17:33:50.486413+00:00,ESP3light,OFF
2025-12-20T17:34:09.486991+00:00,ESP2light,ON
2025-12-20T17:34:43.503239+00:00,Nanoleaf0176,ON
2025-12-20T17:35:17.488384+00:00,HueWhite0475,ON
2025-12-20T17:35:43.488639+00:00,ESP1light,OFF
2025-12-20T17:35:58.488263+00:00,Nanoleaf0176,OFF
2025-12-20T17:36:28.492834+00:00,ESP3light,ON
2025-12-20T17:37:14.486910+00:00,ESP3light,OFF
2025-12-20T17:38:04.489703+00:00,ESP2light,OFF
2025-12-20T17:38:10.485599+00:00,HueWhite1549,ON
2025-12-20T17:38:52.492113+00:00,ESP1light,ON
2025-12-20T17:38:52.499643+00:00,Nanoleaf1624,OFF
2025-12-20T17:39:26.486272+00:00,ESP3light,ON
2025-12-20T17:39:55.488105+00:00,ESP3light,OFF
2025-12-20T17:40:11.488098+00:00,Nanoleaf0176,ON
2025-12-20T17:40:32.488507+00:00,Nanoleaf0176,OFF
2025-12-20T17:41:20.484146+00:00,Nanoleaf1624,ON
2025-12-20T17:41:43.490455+00:00,Nanoleaf0176,ON
2025-12-20T17:42:30.490794+00:00,Nanoleaf0176,OFF
2025-12-20T17:42:48.486176+00:00,ESP3light,ON
2025-12-20T17:43:03.485423+00:00,ESP3light,OFF
2025-12-20T17:43:26.486629+00:00,HueWhite1549,OFF
2025-12-20T17:43:59.487453+00:00,ESP1light,OFF
2025-12-20T17:44:39.487748+00:00,HueWhite1549,ON
2025-12-20T17:44:50.486689+00:00,Nanoleaf0176,ON
2025-12-20T17:44:54.485668+00:00,Nanoleaf0176,OFF
2025-12-20T17:45:49.487070+00:00,ESP1light,ON
2025-12-20T17:46:21.493065+00:00,ESP1light,OFF
2025-12-20T17:46:54.487542+00:00,HueWhite1549,OFF
2025-12-20T17:47:12.485658+00:00,ESP1light,ON
2025-12-20T17:48:05.490264+00:00,Nanoleaf0176,ON
2025-12-20T17:48:12.486498+00:00,ESP1light,OFF
2025-12-20T17:48:55.494211+00:00,Nanoleaf0176,OFF
2025-12-20T17:50:28.489150+00:00,Nanoleaf0176,ON
2025-12-20T17:51:05.488129+00:00,ESP2light,ON
2025-12-20T17:51:47.487085+00:00,HueWhite1549,ON
2025-12-20T17:52:25.486712+00:00,Nanoleaf0176,OFF
2025-12-20T17:52:49.488646+00:00,HueWhite0475,OFF
2025-12-20T17:53:01.490194+00:00,Nanoleaf0176,ON
2025-12-20T17:53:38.486231+00:00,HueWhite0475,ON
2025-12-20T17:54:02.491127+00:00,Nanoleaf1624,OFF
2025-12-20T17:54:10.486975+00:00,ESP2light,OFF
2025-12-20T17:54:28.487872+00:00,ESP1light,ON
2025-12-20T17:54:48.484620+00:00,Nanoleaf1624,ON
2025-12-20T17:55:13.488168+00:00,HueWhite1549,OFF
2025-12-20T17:56:31.487164+00:00,ESP2light,ON
2025-12-20T17:57:28.488536+00:00,ESP2light,OFF
2025-12-20T17:57:41.484876+00:00,ESP1light,OFF
2025-12-20T17:57:51.487937+00:00,ESP1light,ON
2025-12-20T17:58:28.489084+00:00,HueWhite0475,OFF
2025-12-20T18:00:13.486900+00:00,HueWhite1549,ON
2025-12-20T18:00:13.507123+00:00,ESP3light,ON
2025-12-20T18:00:40.484579+00:00,ESP2light,ON
2025-12-20T18:00:53.487258+00:00,HueWhite1549,OFF
2025-12-20T18:01:42.485404+00:00,HueWhite1549,ON
2025-12-20T18:02:18.487380+00:00,ESP3light,OFF
2025-12-20T18:02:51.486763+00:00,HueWhite1549,OFF
2025-12-20T18:03:41.496508+00:00,HueWhite1549,ON
2025-12-20T18:04:06.486497+00:00,Nanoleaf1624,OFF
2025-12-20T18:04:27.486437+00:00,ESP3light,ON
2025-12-20T18:05:16.487024+00:00,HueWhite1549,OFF
2025-12-20T18:05:30.495560+00:00,Nanoleaf1624,ON
2025-12-20T18:05:53.486742+00:00,ESP2light,OFF
2025-12-20T18:06:25.487329+00:00,HueWhite1549,ON
2025-12-20T18:06:49.486658+00:00,HueWhite1549,OFF
2025-12-20T18:07:01.487182+00:00,HueWhite1549,ON
2025-12-20T18:07:59.487015+00:00,ESP1light,OFF
2025-12-20T18:08:08.485370+00:00,ESP2light,ON
2025-12-20T18:08:18.488095+00:00,HueWhite1549,OFF
2025-12-20T18:08:50.486380+00:00,ESP2light,OFF
2025-12-20T18:08:58.487813+00:00,Nanoleaf1624,OFF
2025-12-20T18:09:56.487471+00:00,ESP3light,OFF
2025-12-20T18:10:09.486497+00:00,Nanoleaf1624,ON
2025-12-20T18:10:58.487312+00:00,ESP2light,ON
2025-12-20T18:11:03.491396+00:00,Nanoleaf1624,OFF
2025-12-20T18:11:38.486482+00:00,Nanoleaf0176,OFF
2025-12-20T18:11:48.486552+00:00,ESP2light,OFF
2025-12-20T18:11:57.488638+00:00,Nanoleaf0176,ON
2025-12-20T18:12:22.486678+00:00,ESP3light,ON
2025-12-20T18:12:23.523879+00:00,Nanoleaf1624,ON
2025-12-20T18:13:12.488669+00:00,Nanoleaf0176,OFF
2025-12-20T18:13:45.487166+00:00,ESP2light,ON
2025-12-20T18:14:11.490975+00:00,ESP2light,OFF
2025-12-20T18:14:56.487193+00:00,Nanoleaf1624,OFF
2025-12-20T18:15:42.489078+00:00,ESP2light,ON
2025-12-20T18:16:42.488646+00:00,Nanoleaf0176,ON
2025-12-20T18:17:37.486683+00:00,Nanoleaf1624,ON
2025-12-20T18:18:00.486762+00:00,Nanoleaf1624,OFF
2025-12-20T18:18:12.485519+00:00,Nanoleaf0176,OFF
2025-12-20T18:19:03.486790+00:00,HueWhite1549,ON
2025-12-20T18:19:20.484845+00:00,ESP1light,ON
2025-12-20T18:20:27.487962+00:00,HueWhite0475,ON
2025-12-20T18:20:44.487905+00:00,HueWhite1549,OFF
2025-12-20T18:21:26.486973+00:00,ESP2light,OFF
2025-12-20T18:21:51.485021+00:00,ESP3light,OFF
2025-12-20T18:22:34.486108+00:00,ESP2light,ON
2025-12-20T18:22:35.487261+00:00,Nanoleaf1624,ON
2025-12-20T18:22:43.489253+00:00,ESP3light,ON
2025-12-20T18:23:30.485073+00:00,ESP3light,OFF
2025-12-20T18:23:54.492891+00:00,HueWhite0475,OFF
2025-12-20T18:23:56.487678+00:00,HueWhite1549,ON
2025-12-20T18:25:03.485221+00:00,HueWhite0475,ON
2025-12-20T18:25:36.488218+00:00,ESP3light,ON
2025-12-20T18:25:38.487773+00:00,Nanoleaf1624,OFF
2025-12-20T18:25:44.494616+00:00,ESP2light,OFF
2025-12-20T18:26:56.487127+00:00,ESP2light,ON
2025-12-20T18:26:59.486157+00:00,HueWhite1549,OFF
2025-12-20T18:27:50.487526+00:00,Nanoleaf0176,ON
2025-12-20T18:28:04.494426+00:00,ESP3light,OFF
2025-12-20T18:28:27.487612+00:00,Nanoleaf1624,ON
2025-12-20T18:28:38.488212+00:00,HueWhite0475,OFF
2025-12-20T18:29:07.489906+00:00,ESP2light,OFF
2025-12-20T18:30:11.487043+00:00,Nanoleaf1624,OFF
2025-12-20T18:30:30.486328+00:00,ESP1light,OFF
2025-12-20T18:31:00.488209+00:00,Nanoleaf0176,OFF
2025-12-20T18:31:22.492086+00:00,HueWhite0475,ON
2025-12-20T18:32:02.488481+00:00,ESP2light,ON
2025-12-20T18:32:03.487666+00:00,Nanoleaf0176,ON
2025-12-20T18:32:21.489885+00:00,ESP1light,ON
2025-12-20T18:33:05.485647+00:00,ESP3light,ON
2025-12-20T18:33:13.494598+00:00,ESP3light,OFF
2025-12-20T18:33:41.486152+00:00,Nanoleaf0176,OFF
2025-12-20T18:34:14.487920+00:00,HueWhite1549,ON
2025-12-20T18:36:08.486929+00:00,Nanoleaf0176,ON
2025-12-20T18:36:32.493076+00:00,ESP2light,OFF
2025-12-20T18:36:33.486063+00:00,Nanoleaf1624,ON
2025-12-20T18:37:27.486523+00:00,ESP2light,ON
2025-12-20T18:37:31.485530+00:00,ESP3light,ON
2025-12-20T18:38:22.490780+00:00,Nanoleaf1624,OFF
2025-12-20T18:38:31.497951+00:00,Nanoleaf0176,OFF
2025-12-20T18:38:40.487983+00:00,ESP3light,OFF
2025-12-20T18:39:56.486408+00:00,ESP2light,OFF
2025-12-20T18:40:01.488194+00:00,Nanoleaf0176,ON
2025-12-20T18:40:52.495287+00:00,HueWhite0475,OFF
2025-12-20T18:41:19.488718+00:00,HueWhite1549,OFF
2025-12-20T18:41:37.485504+00:00,HueWhite0475,ON
2025-12-20T18:42:14.487160+00:00,ESP2light,ON
2025-12-20T18:42:22.486234+00:00,Nanoleaf1624,ON
2025-12-20T18:42:36.497027+00:00,HueWhite1549,ON
2025-12-20T18:43:33.486237+00:00,HueWhite0475,OFF
2025-12-20T18:43:47.487712+00:00,Nanoleaf1624,OFF
2025-12-20T18:43:50.488670+00:00,Nanoleaf1624,ON
2025-12-20T18:44:47.487231+00:00,HueWhite0475,ON
2025-12-20T18:45:08.485373+00:00,HueWhite0475,OFF
2025-12-20T18:46:31.483855+00:00,Nanoleaf0176,OFF
2025-12-20T18:46:36.486340+00:00,HueWhite0475,ON
2025-12-20T18:47:04.496021+00:00,ESP1light,OFF
2025-12-20T18:47:11.487283+00:00,Nanoleaf1624,OFF
2025-12-20T18:47:32.486462+00:00,ESP1light,ON
2025-12-20T18:48:34.492028+00:00,Nanoleaf0176,ON
2025-12-20T18:48:50.486452+00:00,ESP3light,ON
2025-12-20T18:48:51.487947+00:00,Nanoleaf1624,ON
2025-12-20T18:49:15.484679+00:00,ESP1light,OFF
2025-12-20T18:49:22.486999+00:00,ESP2light,OFF
2025-12-20T18:49:25.488064+00:00,ESP2light,ON
2025-12-20T18:51:12.487734+00:00,ESP1light,ON
2025-12-20T18:51:41.486675+00:00,HueWhite1549,OFF
2025-12-20T18:52:10.486586+00:00,HueWhite1549,ON
2025-12-20T18:53:11.488550+00:00,ESP3light,OFF
2025-12-20T18:53:49.488930+00:00,HueWhite1549,OFF
2025-12-20T18:54:28.488052+00:00,HueWhite0475,OFF
2025-12-20T18:54:51.487012+00:00,HueWhite0475,ON
2025-12-20T18:55:29.487264+00:00,ESP3light,ON
2025-12-20T18:55:54.494198+00:00,ESP3light,OFF
2025-12-20T18:56:07.486850+00:00,HueWhite1549,ON
2025-12-20T18:56:20.488308+00:00,ESP3light,ON
2025-12-20T18:56:26.486039+00:00,HueWhite0475,OFF
2025-12-20T18:57:12.486133+00:00,HueWhite0475,ON
2025-12-20T18:57:53.487974+00:00,Nanoleaf0176,OFF
2025-12-20T18:58:44.488442+00:00,ESP2light,OFF
2025-12-20T18:59:30.496246+00:00,ESP2light,ON
2025-12-20T19:00:06.487489+00:00,Nanoleaf0176,ON
2025-12-20T19:00:08.483528+00:00,ESP2light,OFF
2025-12-20T19:01:19.486408+00:00,ESP3light,OFF
2025-12-20T19:01:51.487422+00:00,HueWhite0475,OFF
2025-12-20T19:02:20.485530+00:00,HueWhite0475,ON
2025-12-20T19:02:32.487257+00:00,ESP2light,ON
2025-12-20T19:02:56.487579+00:00,Nanoleaf1624,OFF
2025-12-20T19:03:40.486746+00:00,ESP1light,OFF
2025-12-20T19:03:47.485539+00:00,HueWhite0475,OFF
2025-12-20T19:04:52.487605+00:00,HueWhite0475,ON
2025-12-20T19:05:03.485322+00:00,HueWhite0475,OFF
2025-12-20T19:05:17.485769+00:00,ESP3light,ON
2025-12-20T19:05:26.487483+00:00,ESP1light,ON
2025-12-20T19:06:29.485869+00:00,Nanoleaf0176,OFF
2025-12-20T19:06:36.486611+00:00,Nanoleaf1624,ON
2025-12-20T19:07:54.487260+00:00,ESP2light,OFF
2025-12-20T19:08:31.495835+00:00,ESP3light,OFF
2025-12-20T19:09:20.485519+00:00,ESP2light,ON
2025-12-20T19:09:57.486531+00:00,ESP2light,OFF
2025-12-20T19:10:08.487647+00:00,Nanoleaf0176,ON
2025-12-20T19:10:19.486285+00:00,HueWhite1549,OFF
2025-12-20T19:11:13.485047+00:00,Nanoleaf1624,OFF
2025-12-20T19:11:39.485970+00:00,HueWhite0475,ON
2025-12-20T19:12:28.487333+00:00,ESP1light,OFF
2025-12-20T19:13:02.495807+00:00,Nanoleaf1624,ON
2025-12-20T19:13:45.486562+00:00,ESP1light,ON
2025-12-20T19:14:37.486605+00:00,ESP2light,ON
2025-12-20T19:15:07.494397+00:00,ESP2light,OFF
2025-12-20T19:15:12.487861+00:00,Nanoleaf0176,OFF
2025-12-20T19:15:21.487815+00:00,ESP2light,ON
2025-12-20T19:15:50.487111+00:00,HueWhite1549,ON
2025-12-20T19:16:43.486356+00:00,ESP3light,ON
2025-12-20T19:16:53.519300+00:00,HueWhite0475,OFF
2025-12-20T19:17:28.484729+00:00,ESP2light,OFF
2025-12-20T19:17:29.486078+00:00,HueWhite1549,OFF
2025-12-20T19:18:24.485921+00:00,Nanoleaf0176,ON
2025-12-20T19:19:21.495694+00:00,ESP3light,OFF
2025-12-20T19:19:46.487236+00:00,Nanoleaf1624,OFF
2025-12-20T19:19:57.485573+00:00,Nanoleaf0176,OFF
2025-12-20T19:20:59.486850+00:00,Nanoleaf1624,ON
2025-12-20T19:21:01.493961+00:00,ESP2light,ON
2025-12-20T19:21:01.507982+00:00,Nanoleaf0176,ON
2025-12-20T19:21:07.487614+00:00,Nanoleaf0176,OFF
2025-12-20T19:22:36.486390+00:00,ESP2light,OFF
2025-12-20T19:22:45.485327+00:00,Nanoleaf1624,OFF
2025-12-20T19:23:31.492798+00:00,ESP3light,ON
2025-12-20T19:23:49.487057+00:00,HueWhite0475,ON
2025-12-20T19:23:55.485775+00:00,Nanoleaf0176,ON
2025-12-20T19:24:01.485965+00:00,ESP2light,ON
2025-12-20T19:25:17.484386+00:00,HueWhite1549,ON
2025-12-20T19:25:39.494534+00:00,ESP3light,OFF
2025-12-20T19:26:17.487119+00:00,HueWhite1549,OFF
2025-12-20T19:27:07.486505+00:00,ESP2light,OFF
2025-12-20T19:27:19.487948+00:00,ESP2light,ON
2025-12-20T19:27:24.486234+00:00,ESP2light,OFF
2025-12-20T19:27:45.488397+00:00,HueWhite1549,ON
2025-12-20T19:27:50.487264+00:00,ESP2light,ON
2025-12-20T19:28:52.487092+00:00,ESP3light,ON
2025-12-20T19:29:16.487513+00:00,ESP3light,OFF
2025-12-20T19:29:45.494234+00:00,HueWhite0475,OFF
2025-12-20T19:29:55.486345+00:00,Nanoleaf0176,OFF
2025-12-20T19:30:06.487825+00:00,ESP1light,OFF
2025-12-20T19:30:25.488907+00:00,HueWhite1549,OFF
2025-12-20T19:31:05.485766+00:00,HueWhite0475,ON
2025-12-20T19:31:33.487817+00:00,ESP2light,OFF
2025-12-20T19:31:59.488138+00:00,ESP2light,ON
2025-12-20T19:32:26.488480+00:00,HueWhite0475,OFF
2025-12-20T19:33:17.487491+00:00,ESP2light,OFF
2025-12-20T19:33:54.493778+00:00,ESP1light,ON
2025-12-20T19:34:07.489246+00:00,Nanoleaf0176,ON
2025-12-20T19:34:44.487320+00:00,ESP2light,ON
2025-12-20T19:35:00.487625+00:00,ESP1light,OFF
2025-12-20T19:35:41.486141+00:00,ESP1light,ON
2025-12-20T19:36:06.485729+00:00,Nanoleaf1624,ON
2025-12-20T19:36:30.485351+00:00,Nanoleaf1624,OFF
2025-12-20T19:37:07.485524+00:00,Nanoleaf0176,OFF
2025-12-20T19:37:28.486581+00:00,ESP2light,OFF
2025-12-20T19:37:44.494996+00:00,Nanoleaf0176,ON
2025-12-20T19:37:59.485461+00:00,HueWhite0475,ON
2025-12-20T19:39:00.487553+00:00,ESP1light,OFF
2025-12-20T19:39:09.483253+00:00,ESP1light,ON
2025-12-20T19:39:14.486300+00:00,ESP3light,ON
2025-12-20T19:39:22.493584+00:00,ESP2light,ON
2025-12-20T19:40:04.488107+00:00,ESP3light,OFF
2025-12-20T19:40:50.487777+00:00,Nanoleaf1624,ON
2025-12-20T19:40:58.488001+00:00,ESP1light,OFF
2025-12-20T19:41:23.485715+00:00,Nanoleaf0176,OFF
2025-12-20T19:41:59.486155+00:00,HueWhite0475,OFF
2025-12-20T19:42:27.486116+00:00,ESP2light,OFF
2025-12-20T19:43:47.485179+00:00,ESP2light,ON
2025-12-20T19:44:44.485360+00:00,HueWhite0475,ON
2025-12-20T19:45:06.486760+00:00,Nanoleaf0176,ON
2025-12-20T19:45:26.488048+00:00,HueWhite0475,OFF
2025-12-20T19:45:42.485052+00:00,Nanoleaf1624,OFF
2025-12-20T19:47:19.493631+00:00,HueWhite1549,ON
2025-12-20T19:48:39.486413+00:00,ESP2light,OFF
2025-12-20T19:49:03.488934+00:00,HueWhite1549,OFF
2025-12-20T19:49:16.491311+00:00,ESP2light,ON
2025-12-20T19:49:36.487334+00:00,HueWhite0475,ON
2025-12-20T19:49:57.486551+00:00,Nanoleaf1624,ON
2025-12-20T19:50:06.486348+00:00,Nanoleaf1624,OFF
2025-12-20T19:51:28.495362+00:00,Nanoleaf1624,ON
2025-12-20T19:51:44.487995+00:00,ESP2light,OFF
2025-12-20T19:51:50.484769+00:00,HueWhite0475,OFF
2025-12-20T19:52:26.486091+00:00,ESP1light,ON
2025-12-20T19:53:45.487152+00:00,HueWhite0475,ON
2025-12-20T19:53:54.492807+00:00,ESP2light,ON
2025-12-20T19:54:27.487036+00:00,HueWhite1549,ON
2025-12-20T19:55:12.487654+00:00,ESP3light,ON
2025-12-20T19:56:29.496688+00:00,Nanoleaf0176,OFF
2025-12-20T19:56:32.487109+00:00,ESP1light,OFF
2025-12-20T19:56:37.485373+00:00,HueWhite1549,OFF
2025-12-20T19:57:29.489135+00:00,Nanoleaf0176,ON
2025-12-20T19:58:20.488093+00:00,ESP1light,ON
2025-12-20T19:58:58.489450+00:00,ESP2light,OFF
2025-12-20T19:59:03.520768+00:00,Nanoleaf1624,OFF
2025-12-20T20:00:37.487609+00:00,HueWhite0475,OFF
2025-12-20T20:00:57.486186+00:00,HueWhite1549,ON
2025-12-20T20:01:02.485393+00:00,ESP3light,OFF
2025-12-20T20:01:41.495331+00:00,ESP2light,ON
2025-12-20T20:02:40.487976+00:00,HueWhite1549,OFF
2025-12-20T20:03:35.487228+00:00,HueWhite0475,ON
2025-12-20T20:03:38.485770+00:00,HueWhite0475,OFF
2025-12-20T20:04:04.487506+00:00,Nanoleaf1624,ON
2025-12-20T20:04:18.486871+00:00,ESP1light,OFF
2025-12-20T20:04:28.485977+00:00,ESP3light,ON
2025-12-20T20:04:54.486698+00:00,HueWhite0475,ON
2025-12-20T20:05:42.487457+00:00,Nanoleaf0176,OFF
2025-12-20T20:06:13.487454+00:00,Nanoleaf1624,OFF
2025-12-20T20:06:15.486788+00:00,ESP1light,ON
2025-12-20T20:06:55.487220+00:00,HueWhite1549,ON
2025-12-20T20:07:39.495448+00:00,Nanoleaf0176,ON
2025-12-20T20:07:48.486442+00:00,Nanoleaf1624,ON
2025-12-20T20:07:57.488151+00:00,ESP2light,OFF
2025-12-20T20:08:34.486976+00:00,HueWhite1549,OFF
2025-12-20T20:09:08.486171+00:00,Nanoleaf1624,OFF
2025-12-20T20:09:38.494723+00:00,ESP3light,OFF
2025-12-20T20:09:59.486891+00:00,ESP3light,ON
2025-12-20T20:10:35.486513+00:00,ESP2light,ON
2025-12-20T20:11:36.484952+00:00,HueWhite0475,OFF
2025-12-20T20:11:49.496121+00:00,ESP1light,OFF
2025-12-20T20:12:14.487027+00:00,ESP1light,ON
2025-12-20T20:12:35.485892+00:00,ESP3light,OFF
2025-12-20T20:12:44.488857+00:00,HueWhite1549,ON
2025-12-20T20:13:16.487377+00:00,Nanoleaf1624,ON
2025-12-20T20:13:33.487164+00:00,HueWhite1549,OFF
2025-12-20T20:14:13.487147+00:00,Nanoleaf0176,OFF
2025-12-20T20:14:20.487947+00:00,Nanoleaf0176,ON
2025-12-20T20:14:40.487567+00:00,ESP3light,ON
2025-12-20T20:15:02.495112+00:00,Nanoleaf1624,OFF
2025-12-20T20:15:26.487232+00:00,Nanoleaf1624,ON
2025-12-20T20:16:44.485990+00:00,Nanoleaf0176,OFF
2025-12-20T20:17:48.487502+00:00,Nanoleaf0176,ON
2025-12-20T20:17:53.498511+00:00,ESP3light,OFF
2025-12-20T20:18:06.485605+00:00,HueWhite1549,ON
2025-12-20T20:18:44.488853+00:00,ESP3light,ON
2025-12-20T20:19:02.487597+00:00,ESP2light,OFF
2025-12-20T20:19:26.486955+00:00,HueWhite0475,ON
2025-12-20T20:19:41.486544+00:00,ESP1light,OFF
2025-12-20T20:20:01.487431+00:00,HueWhite0475,OFF
2025-12-20T20:20:47.488559+00:00,ESP1light,ON
2025-12-20T20:21:43.485178+00:00,ESP3light,OFF
2025-12-20T20:22:16.495891+00:00,Nanoleaf1624,OFF
2025-12-20T20:22:19.487702+00:00,HueWhite1549,OFF
2025-12-20T20:22:53.488086+00:00,ESP2light,ON
2025-12-20T20:23:13.485913+00:00,Nanoleaf1624,ON
2025-12-20T20:23:16.487348+00:00,ESP2light,OFF
2025-12-20T20:23:43.486862+00:00,ESP3light,ON
2025-12-20T20:25:46.487653+00:00,HueWhite1549,ON
2025-12-20T20:26:00.489140+00:00,HueWhite1549,OFF
2025-12-20T20:26:01.487284+00:00,ESP1light,OFF
2025-12-20T20:26:28.486684+00:00,HueWhite0475,ON
2025-12-20T20:26:40.488828+00:00,Nanoleaf0176,OFF
2025-12-20T20:27:06.487891+00:00,HueWhite1549,ON
2025-12-20T20:27:21.493743+00:00,ESP2light,ON
2025-12-20T20:27:25.487505+00:00,ESP1light,ON
2025-12-20T20:27:51.488111+00:00,ESP2light,OFF
2025-12-20T20:28:02.487328+00:00,ESP2light,ON
2025-12-20T20:30:13.489451+00:00,Nanoleaf1624,OFF
2025-12-20T20:30:30.494910+00:00,Nanoleaf1624,ON
2025-12-20T20:31:02.488086+00:00,Nanoleaf1624,OFF
2025-12-20T20:31:30.487434+00:00,HueWhite1549,OFF
2025-12-20T20:32:20.485412+00:00,Nanoleaf1624,ON
2025-12-20T20:32:37.493667+00:00,HueWhite0475,OFF
2025-12-20T20:33:17.486890+00:00,ESP3light,OFF
2025-12-20T20:35:39.487203+00:00,Nanoleaf0176,ON
2025-12-20T20:35:51.490773+00:00,Nanoleaf0176,OFF
2025-12-20T20:36:25.487015+00:00,ESP2light,OFF
2025-12-20T20:36:44.486639+00:00,Nanoleaf1624,OFF
2025-12-20T20:36:58.488179+00:00,HueWhite0475,ON
2025-12-20T20:37:01.486435+00:00,ESP2light,ON
2025-12-20T20:38:19.492983+00:00,HueWhite0475,OFF
2025-12-20T20:39:08.484148+00:00,ESP1light,OFF
2025-12-20T20:39:10.485788+00:00,Nanoleaf0176,ON
2025-12-20T20:39:17.488684+00:00,Nanoleaf1624,ON
2025-12-20T20:39:51.488465+00:00,ESP3light,ON
2025-12-20T20:40:21.485308+00:00,HueWhite0475,ON
2025-12-20T20:40:44.487170+00:00,ESP2light,OFF
2025-12-20T20:41:09.487052+00:00,Nanoleaf1624,OFF
2025-12-20T20:41:51.484883+00:00,ESP3light,OFF
2025-12-20T20:41:51.505873+00:00,Nanoleaf1624,ON
2025-12-20T20:42:57.488514+00:00,ESP3light,ON
2025-12-20T20:43:01.487771+00:00,HueWhite1549,ON
2025-12-20T20:43:06.486604+00:00,ESP2light,ON
2025-12-20T20:44:11.487124+00:00,ESP1light,ON
2025-12-20T20:45:14.486538+00:00,ESP1light,OFF
2025-12-20T20:45:14.503097+00:00,ESP3light,OFF
2025-12-20T20:45:24.497383+00:00,HueWhite1549,OFF
2025-12-20T20:46:37.487661+00:00,HueWhite0475,OFF
2025-12-20T20:46:37.502873+00:00,HueWhite0475,OFF
2025-12-20T20:47:20.487948+00:00,ESP1light,ON
2025-12-20T20:48:02.486131+00:00,HueWhite0475,ON
2025-12-20T20:48:57.493886+00:00,ESP2light,OFF
2025-12-20T20:49:07.488776+00:00,HueWhite0475,OFF
2025-12-20T20:49:43.486578+00:00,HueWhite0475,ON
2025-12-20T20:49:52.487383+00:00,ESP3light,ON
2025-12-20T20:50:35.484857+00:00,HueWhite1549,ON
2025-12-20T20:51:05.487202+00:00,Nanoleaf1624,OFF
2025-12-20T20:51:52.486940+00:00,Nanoleaf0176,OFF
2025-12-20T20:52:06.487025+00:00,HueWhite1549,OFF
2025-12-20T20:52:16.486525+00:00,ESP3light,OFF
2025-12-20T20:53:01.495480+00:00,Nanoleaf0176,ON
2025-12-20T20:54:30.488473+00:00,ESP3light,ON
2025-12-20T20:54:42.487328+00:00,Nanoleaf1624,ON
2025-12-20T20:55:11.486629+00:00,HueWhite1549,ON
2025-12-20T20:55:47.487019+00:00,HueWhite0475,OFF
2025-12-20T20:55:59.486642+00:00,HueWhite0475,ON
2025-12-20T20:56:19.486826+00:00,Nanoleaf0176,OFF
2025-12-20T20:56:38.489444+00:00,ESP1light,OFF
2025-12-20T20:56:43.485041+00:00,Nanoleaf1624,OFF
2025-12-20T20:57:10.485587+00:00,Nanoleaf1624,ON
2025-12-20T20:58:09.484282+00:00,HueWhite0475,OFF
2025-12-20T20:58:39.488229+00:00,ESP1light,ON
2025-12-20T20:59:51.486938+00:00,ESP1light,OFF
2025-12-20T20:59:51.505308+00:00,ESP1light,OFF
2025-12-20T21:00:06.486934+00:00,ESP1light,ON
2025-12-20T21:01:55.487775+00:00,ESP3light,OFF
2025-12-20T21:02:19.495797+00:00,ESP3light,ON
2025-12-20T21:03:36.488070+00:00,Nanoleaf1624,OFF
2025-12-20T21:05:47.486740+00:00,ESP1light,OFF
2025-12-20T21:06:15.486332+00:00,HueWhite1549,OFF
2025-12-20T21:06:52.487479+00:00,HueWhite0475,ON
2025-12-20T21:07:07.485206+00:00,Nanoleaf1624,ON
2025-12-20T21:07:32.488249+00:00,Nanoleaf1624,OFF
2025-12-20T21:07:53.495182+00:00,ESP2light,ON
2025-12-20T21:08:18.487169+00:00,Nanoleaf0176,ON
2025-12-20T21:08:20.486877+00:00,ESP3light,OFF
2025-12-20T21:08:44.488868+00:00,ESP1light,ON
2025-12-20T21:09:26.495159+00:00,HueWhite1549,ON
2025-12-20T21:09:32.486622+00:00,ESP2light,OFF
2025-12-20T21:10:10.487813+00:00,Nanoleaf0176,OFF
2025-12-20T21:10:20.487792+00:00,Nanoleaf1624,ON
2025-12-20T21:10:21.485874+00:00,ESP1light,OFF
2025-12-20T21:10:39.485894+00:00,Nanoleaf0176,ON
2025-12-20T21:11:04.485026+00:00,Nanoleaf1624,OFF
2025-12-20T21:11:30.487725+00:00,Nanoleaf0176,OFF
2025-12-20T21:11:51.487408+00:00,HueWhite0475,OFF
2025-12-20T21:13:01.486637+00:00,ESP1light,ON
2025-12-20T21:13:04.488118+00:00,Nanoleaf1624,ON
2025-12-20T21:13:21.487558+00:00,Nanoleaf1624,OFF
2025-12-20T21:13:45.486622+00:00,HueWhite1549,OFF
2025-12-20T21:13:51.485497+00:00,ESP2light,ON
2025-12-20T21:14:08.522744+00:00,Nanoleaf0176,ON
2025-12-20T21:15:23.488081+00:00,Nanoleaf1624,ON
2025-12-20T21:16:08.487320+00:00,HueWhite1549,ON
2025-12-20T21:17:18.487428+00:00,Nanoleaf0176,OFF
2025-12-20T21:17:24.493569+00:00,ESP2light,OFF
2025-12-20T21:17:29.483823+00:00,Nanoleaf0176,ON
2025-12-20T21:17:46.485862+00:00,ESP1light,OFF
2025-12-20T21:19:01.486603+00:00,HueWhite0475,ON
2025-12-20T21:19:09.485291+00:00,Nanoleaf0176,OFF
2025-12-20T21:19:28.493962+00:00,ESP2light,ON
2025-12-20T21:19:46.486663+00:00,ESP3light,ON
2025-12-20T21:21:49.484802+00:00,ESP3light,OFF
2025-12-20T21:22:26.487525+00:00,Nanoleaf1624,OFF
2025-12-20T21:22:55.495800+00:00,Nanoleaf1624,ON
2025-12-20T21:23:27.490508+00:00,ESP2light,OFF
2025-12-20T21:23:29.485801+00:00,HueWhite0475,OFF
2025-12-20T21:24:26.487909+00:00,Nanoleaf1624,OFF
2025-12-20T21:24:51.486000+00:00,HueWhite1549,OFF
2025-12-20T21:25:26.487384+00:00,ESP1light,ON
2025-12-20T21:25:28.486513+00:00,ESP1light,OFF
2025-12-20T21:26:24.486989+00:00,ESP1light,ON
2025-12-20T21:27:11.488273+00:00,HueWhite0475,ON
2025-12-20T21:27:26.484003+00:00,ESP2light,ON
2025-12-20T21:27:50.486090+00:00,Nanoleaf0176,ON
2025-12-20T21:28:09.488094+00:00,HueWhite0475,OFF
2025-12-20T21:28:11.486670+00:00,Nanoleaf1624,ON
2025-12-20T21:28:52.493710+00:00,ESP3light,ON
2025-12-20T21:29:19.486610+00:00,HueWhite0475,ON
2025-12-20T21:29:37.488958+00:00,ESP1light,OFF
2025-12-20T21:30:01.488218+00:00,ESP3light,OFF
2025-12-20T21:30:16.487244+00:00,ESP3light,ON
2025-12-20T21:30:30.485445+00:00,Nanoleaf0176,OFF
2025-12-20T21:31:26.486512+00:00,Nanoleaf1624,OFF
2025-12-20T21:31:43.489589+00:00,Nanoleaf0176,ON
2025-12-20T21:32:12.487930+00:00,ESP1light,ON
2025-12-20T21:32:59.485991+00:00,Nanoleaf0176,OFF
2025-12-20T21:33:07.487752+00:00,HueWhite1549,ON
2025-12-20T21:33:44.486975+00:00,ESP3light,OFF
2025-12-20T21:34:10.486179+00:00,ESP2light,OFF
2025-12-20T21:34:12.494109+00:00,ESP2light,ON
2025-12-20T21:34:29.486628+00:00,HueWhite0475,OFF
2025-12-20T21:34:52.485797+00:00,Nanoleaf0176,ON
2025-12-20T21:35:57.487195+00:00,HueWhite0475,ON
2025-12-20T21:36:04.484326+00:00,Nanoleaf0176,OFF
2025-12-20T21:36:16.487718+00:00,ESP1light,OFF
2025-12-20T21:36:30.485922+00:00,ESP1light,ON
2025-12-20T21:36:45.486723+00:00,HueWhite0475,OFF
2025-12-20T21:37:48.487032+00:00,ESP2light,OFF
2025-12-20T21:38:59.496118+00:00,HueWhite1549,OFF
2025-12-20T21:39:24.487102+00:00,Nanoleaf1624,ON
2025-12-20T21:40:24.491717+00:00,HueWhite0475,ON
2025-12-20T21:40:37.487574+00:00,HueWhite0475,OFF
2025-12-20T21:41:26.497560+00:00,ESP3light,ON
2025-12-20T21:41:41.486985+00:00,HueWhite1549,ON
2025-12-20T21:43:01.486187+00:00,HueWhite0475,ON
2025-12-20T21:43:17.490721+00:00,HueWhite0475,OFF
2025-12-20T21:43:55.492811+00:00,HueWhite1549,OFF
2025-12-20T21:43:56.488592+00:00,HueWhite1549,ON
2025-12-20T21:44:04.487245+00:00,ESP3light,OFF
2025-12-20T21:44:41.485432+00:00,HueWhite1549,OFF
2025-12-20T21:44:48.488495+00:00,HueWhite1549,ON
2025-12-20T21:45:55.493033+00:00,Nanoleaf1624,OFF
2025-12-20T21:46:07.486613+00:00,HueWhite1549,OFF
2025-12-20T21:46:23.485750+00:00,Nanoleaf0176,ON
2025-12-20T21:46:38.485629+00:00,HueWhite1549,ON
2025-12-20T21:48:04.487509+00:00,ESP3light,ON
2025-12-20T21:49:46.488529+00:00,Nanoleaf1624,ON
2025-12-20T21:49:46.505506+00:00,ESP1light,OFF
2025-12-20T21:49:59.486267+00:00,ESP2light,ON
2025-12-20T21:50:52.494627+00:00,ESP2light,OFF
2025-12-20T21:51:05.489976+00:00,ESP3light,OFF
2025-12-20T21:51:45.484734+00:00,Nanoleaf0176,OFF
2025-12-20T21:51:55.486402+00:00,Nanoleaf1624,OFF
2025-12-20T21:52:20.487736+00:00,ESP3light,ON
2025-12-20T21:53:19.487124+00:00,HueWhite0475,ON
2025-12-20T21:54:14.494913+00:00,Nanoleaf0176,ON
2025-12-20T21:55:09.488831+00:00,Nanoleaf0176,OFF
2025-12-20T21:55:48.486514+00:00,ESP3light,OFF
2025-12-20T21:55:54.493078+00:00,ESP1light,ON
2025-12-20T21:56:18.487282+00:00,ESP3light,ON
2025-12-20T21:56:26.487003+00:00,ESP2light,ON
2025-12-20T21:56:56.485634+00:00,Nanoleaf0176,ON
2025-12-20T21:57:58.484684+00:00,ESP1light,OFF
2025-12-20T21:58:07.487720+00:00,HueWhite0475,OFF
2025-12-20T21:59:18.485989+00:00,HueWhite1549,OFF
2025-12-20T22:00:10.490131+00:00,ESP1light,ON
2025-12-20T22:00:41.486897+00:00,ESP1light,OFF
2025-12-20T22:01:30.486085+00:00,Nanoleaf1624,ON
2025-12-20T22:02:38.486826+00:00,ESP1light,ON
2025-12-20T22:03:32.486504+00:00,HueWhite1549,ON
2025-12-20T22:03:45.487763+00:00,HueWhite1549,OFF
2025-12-20T22:03:57.487827+00:00,Nanoleaf1624,OFF
2025-12-20T22:05:45.490217+00:00,Nanoleaf1624,ON
2025-12-20T22:05:45.519385+00:00,Nanoleaf0176,OFF
2025-12-20T22:06:14.488594+00:00,ESP1light,OFF
2025-12-20T22:06:18.486612+00:00,ESP1light,ON
2025-12-20T22:06:56.487332+00:00,Nanoleaf1624,OFF
2025-12-20T22:07:46.494832+00:00,Nanoleaf0176,ON
2025-12-20T22:07:55.486827+00:00,Nanoleaf0176,OFF
2025-12-20T22:08:24.488126+00:00,ESP1light,OFF
2025-12-20T22:08:45.489455+00:00,ESP3light,OFF
2025-12-20T22:08:47.488137+00:00,HueWhite0475,ON
2025-12-20T22:09:15.486475+00:00,ESP3light,ON
2025-12-20T22:10:16.486629+00:00,HueWhite1549,ON
2025-12-20T22:10:23.485450+00:00,HueWhite0475,OFF
2025-12-20T22:10:56.485351+00:00,Nanoleaf0176,ON
2025-12-20T22:11:19.497209+00:00,ESP2light,OFF
2025-12-20T22:11:38.488641+00:00,ESP1light,ON
2025-12-20T22:12:05.488142+00:00,Nanoleaf1624,ON
2025-12-20T22:12:09.489011+00:00,ESP2light,ON
2025-12-20T22:12:14.487438+00:00,HueWhite1549,OFF
2025-12-20T22:12:43.486580+00:00,HueWhite1549,ON
2025-12-20T22:13:19.496851+00:00,HueWhite1549,OFF
2025-12-20T22:14:07.487512+00:00,Nanoleaf1624,OFF
2025-12-20T22:14:52.487855+00:00,Nanoleaf1624,ON
2025-12-20T22:15:19.485867+00:00,ESP2light,OFF
2025-12-20T22:15:35.494748+00:00,Nanoleaf1624,OFF
2025-12-20T22:15:56.487712+00:00,Nanoleaf0176,OFF
2025-12-20T22:16:13.487216+00:00,ESP2light,ON
2025-12-20T22:16:31.486387+00:00,ESP2light,OFF
2025-12-20T22:17:03.487147+00:00,ESP2light,ON
2025-12-20T22:17:36.495708+00:00,HueWhite1549,ON
2025-12-20T22:18:12.487218+00:00,ESP2light,OFF
2025-12-20T22:18:28.486627+00:00,ESP1light,OFF
2025-12-20T22:18:38.487352+00:00,ESP3light,OFF
2025-12-20T22:18:52.488181+00:00,ESP1light,ON
2025-12-20T22:19:39.494626+00:00,HueWhite1549,OFF
2025-12-20T22:19:59.486683+00:00,ESP2light,ON
2025-12-20T22:20:26.487576+00:00,ESP1light,OFF
2025-12-20T22:20:59.488963+00:00,HueWhite0475,ON
2025-12-20T22:21:27.496705+00:00,ESP2light,OFF
2025-12-20T22:21:49.488185+00:00,ESP2light,ON
2025-12-20T22:22:00.487517+00:00,HueWhite0475,OFF
2025-12-20T22:22:15.487283+00:00,HueWhite1549,ON
2025-12-20T22:22:46.487658+00:00,Nanoleaf1624,ON
2025-12-20T22:23:05.496480+00:00,HueWhite0475,ON
2025-12-20T22:23:11.486831+00:00,ESP2light,OFF
2025-12-20T22:23:26.487572+00:00,ESP1light,ON
2025-12-20T22:23:51.487255+00:00,ESP2light,ON
2025-12-20T22:25:04.487601+00:00,Nanoleaf1624,OFF
2025-12-20T22:25:20.488680+00:00,ESP2light,OFF
2025-12-20T22:25:30.487254+00:00,HueWhite1549,OFF
2025-12-20T22:26:18.487713+00:00,HueWhite1549,ON
2025-12-20T22:26:32.487708+00:00,Nanoleaf0176,ON
2025-12-20T22:26:44.492494+00:00,HueWhite0475,OFF
2025-12-20T22:27:36.486504+00:00,HueWhite1549,OFF
2025-12-20T22:28:28.488739+00:00,HueWhite0475,ON
2025-12-20T22:28:32.485477+00:00,Nanoleaf1624,ON
2025-12-20T22:29:12.494848+00:00,HueWhite1549,ON
2025-12-20T22:29:32.488357+00:00,ESP1light,OFF
2025-12-20T22:30:37.486182+00:00,Nanoleaf1624,OFF
2025-12-20T22:30:56.490574+00:00,Nanoleaf1624,ON
2025-12-20T22:31:12.484723+00:00,Nanoleaf0176,OFF
2025-12-20T22:31:16.487309+00:00,Nanoleaf0176,ON
2025-12-20T22:31:46.488084+00:00,ESP3light,ON
2025-12-20T22:32:02.485025+00:00,HueWhite1549,OFF
2025-12-20T22:32:12.487948+00:00,ESP2light,ON
2025-12-20T22:32:13.487676+00:00,HueWhite1549,ON
2025-12-20T22:32:41.487838+00:00,HueWhite1549,OFF
2025-12-20T22:32:54.487426+00:00,Nanoleaf1624,OFF
2025-12-20T22:33:01.487031+00:00,Nanoleaf0176,OFF
2025-12-20T22:33:25.486952+00:00,HueWhite1549,ON
2025-12-20T22:34:06.493993+00:00,Nanoleaf1624,ON
2025-12-20T22:34:45.486580+00:00,HueWhite0475,OFF
2025-12-20T22:35:59.488012+00:00,Nanoleaf0176,ON
2025-12-20T22:36:12.485749+00:00,ESP2light,OFF
2025-12-20T22:36:33.493155+00:00,ESP1light,ON
2025-12-20T22:36:45.487184+00:00,Nanoleaf0176,OFF
2025-12-20T22:37:00.486790+00:00,HueWhite0475,ON
2025-12-20T22:37:23.487657+00:00,ESP1light,OFF
2025-12-20T22:37:31.486818+00:00,ESP3light,OFF
2025-12-20T22:38:07.493876+00:00,ESP1light,ON
2025-12-20T22:38:23.486910+00:00,ESP1light,OFF
2025-12-20T22:38:34.487521+00:00,ESP2light,ON
2025-12-20T22:38:45.487636+00:00,ESP3light,ON
2025-12-20T22:39:30.485738+00:00,Nanoleaf1624,OFF
2025-12-20T22:39:51.496134+00:00,Nanoleaf0176,ON
2025-12-20T22:40:00.487251+00:00,ESP1light,ON
2025-12-20T22:40:32.487151+00:00,Nanoleaf1624,ON
2025-12-20T22:40:40.484482+00:00,ESP1light,OFF
2025-12-20T22:42:05.487700+00:00,HueWhite1549,OFF
2025-12-20T22:42:30.488217+00:00,HueWhite1549,ON
2025-12-20T22:42:31.487445+00:00,HueWhite0475,OFF
2025-12-20T22:43:46.487061+00:00,ESP2light,OFF
2025-12-20T22:45:31.496678+00:00,HueWhite0475,ON
2025-12-20T22:46:09.488476+00:00,ESP3light,OFF
2025-12-20T22:47:09.486262+00:00,HueWhite1549,OFF
2025-12-20T22:47:44.487799+00:00,ESP2light,ON
2025-12-20T22:48:04.500625+00:00,HueWhite1549,ON
2025-12-20T22:48:50.485167+00:00,Nanoleaf1624,OFF
2025-12-20T22:49:50.486331+00:00,HueWhite1549,OFF
2025-12-20T22:50:07.487400+00:00,ESP1light,ON
2025-12-20T22:51:13.487655+00:00,HueWhite0475,OFF
2025-12-20T22:52:03.487270+00:00,HueWhite1549,ON
2025-12-20T22:52:43.487431+00:00,ESP3light,ON
2025-12-20T22:53:28.485142+00:00,ESP2light,OFF
2025-12-20T22:53:39.496074+00:00,HueWhite1549,OFF
2025-12-20T22:53:50.487348+00:00,ESP3light,OFF
2025-12-20T22:54:28.486478+00:00,ESP3light,ON
2025-12-20T22:55:12.485286+00:00,ESP2light,ON
2025-12-20T22:55:23.485296+00:00,HueWhite1549,ON
2025-12-20T22:56:15.487991+00:00,ESP3light,OFF
2025-12-20T22:57:44.486986+00:00,HueWhite0475,ON
2025-12-20T22:57:53.486889+00:00,ESP2light,OFF
2025-12-20T22:58:49.496313+00:00,Nanoleaf0176,OFF
2025-12-20T22:59:21.487071+00:00,ESP1light,OFF
2025-12-20T22:59:23.486484+00:00,Nanoleaf1624,ON
2025-12-20T22:59:38.487413+00:00,HueWhite0475,OFF
2025-12-20T22:59:53.487667+00:00,Nanoleaf1624,OFF
2025-12-20T23:00:23.498383+00:00,ESP3light,ON
2025-12-20T23:01:37.486542+00:00,ESP2light,ON
2025-12-20T23:02:05.487890+00:00,ESP2light,OFF
2025-12-20T23:02:19.487336+00:00,HueWhite1549,OFF
2025-12-20T23:02:25.486644+00:00,HueWhite0475,ON
2025-12-20T23:03:06.486445+00:00,ESP1light,ON
2025-12-20T23:03:38.486810+00:00,Nanoleaf0176,ON
2025-12-20T23:03:40.488263+00:00,ESP1light,OFF
2025-12-20T23:04:41.486244+00:00,Nanoleaf0176,OFF
2025-12-20T23:06:01.485183+00:00,ESP1light,ON
2025-12-20T23:06:02.487048+00:00,HueWhite1549,ON
2025-12-20T23:07:06.486597+00:00,HueWhite0475,OFF
2025-12-20T23:07:15.493328+00:00,HueWhite1549,OFF
2025-12-20T23:08:04.485775+00:00,ESP2light,ON
2025-12-20T23:08:07.484045+00:00,HueWhite0475,ON
2025-12-20T23:08:08.485878+00:00,ESP1light,OFF
2025-12-20T23:08:40.487296+00:00,Nanoleaf0176,ON
2025-12-20T23:09:45.485043+00:00,HueWhite1549,ON
2025-12-20T23:10:48.489716+00:00,ESP2light,OFF
2025-12-20T23:11:36.487178+00:00,Nanoleaf1624,ON
2025-12-20T23:11:44.489265+00:00,ESP1light,ON
2025-12-20T23:12:58.487201+00:00,HueWhite0475,OFF
2025-12-20T23:12:59.487008+00:00,Nanoleaf0176,OFF
2025-12-20T23:13:12.486181+00:00,ESP3light,OFF
2025-12-20T23:14:09.491948+00:00,Nanoleaf0176,ON
2025-12-20T23:14:26.484438+00:00,ESP3light,ON
2025-12-20T23:14:28.489273+00:00,ESP1light,OFF
2025-12-20T23:14:49.488545+00:00,ESP2light,ON
2025-12-20T23:15:16.487906+00:00,HueWhite0475,ON
2025-12-20T23:15:34.493761+00:00,ESP2light,OFF
2025-12-20T23:15:49.486467+00:00,Nanoleaf1624,OFF
2025-12-20T23:16:16.487568+00:00,ESP1light,ON
2025-12-20T23:17:07.486427+00:00,HueWhite0475,OFF
2025-12-20T23:17:47.487765+00:00,HueWhite1549,OFF
2025-12-20T23:17:47.511907+00:00,ESP1light,OFF
2025-12-20T23:19:04.487481+00:00,Nanoleaf1624,ON
2025-12-20T23:19:10.487242+00:00,HueWhite0475,ON
2025-12-20T23:20:12.488974+00:00,HueWhite0475,OFF
2025-12-20T23:20:58.487043+00:00,Nanoleaf0176,OFF
2025-12-20T23:21:03.489306+00:00,ESP1light,ON
2025-12-20T23:21:06.485793+00:00,ESP1light,OFF
2025-12-20T23:21:11.484466+00:00,ESP1light,ON
2025-12-20T23:22:06.493727+00:00,Nanoleaf0176,ON
2025-12-20T23:22:39.486512+00:00,Nanoleaf1624,OFF
2025-12-20T23:23:05.486970+00:00,HueWhite1549,ON
2025-12-20T23:24:16.487499+00:00,ESP3light,OFF
2025-12-20T23:24:20.486486+00:00,ESP1light,OFF
2025-12-20T23:25:33.491653+00:00,ESP1light,ON
2025-12-20T23:26:19.486474+00:00,ESP1light,OFF
2025-12-20T23:26:27.488030+00:00,Nanoleaf1624,ON
2025-12-20T23:26:30.487764+00:00,ESP2light,ON
2025-12-20T23:27:02.487525+00:00,HueWhite1549,OFF
2025-12-20T23:27:22.488737+00:00,HueWhite1549,ON
2025-12-20T23:28:20.484872+00:00,Nanoleaf1624,OFF
2025-12-20T23:28:22.487238+00:00,HueWhite0475,ON
2025-12-20T23:28:47.487273+00:00,HueWhite1549,OFF
2025-12-20T23:29:08.488025+00:00,HueWhite1549,ON
2025-12-20T23:29:20.499636+00:00,ESP3light,ON
2025-12-20T23:30:22.488361+00:00,Nanoleaf0176,OFF
2025-12-20T23:30:55.486980+00:00,ESP3light,OFF
2025-12-20T23:31:15.484816+00:00,Nanoleaf0176,ON
2025-12-20T23:31:34.495283+00:00,HueWhite0475,OFF
2025-12-20T23:31:52.487264+00:00,Nanoleaf0176,OFF
2025-12-20T23:32:40.487083+00:00,ESP1light,ON
2025-12-20T23:32:47.488093+00:00,ESP1light,OFF
2025-12-20T23:33:50.489894+00:00,Nanoleaf0176,ON
2025-12-20T23:33:58.487382+00:00,Nanoleaf1624,ON
2025-12-20T23:34:48.486555+00:00,ESP1light,ON
2025-12-20T23:35:09.487372+00:00,Nanoleaf0176,OFF
2025-12-20T23:35:19.488439+00:00,ESP3light,ON
2025-12-20T23:35:33.488288+00:00,HueWhite0475,ON
2025-12-20T23:35:59.488839+00:00,ESP2light,OFF
2025-12-20T23:36:37.487540+00:00,Nanoleaf0176,ON
2025-12-20T23:36:49.487508+00:00,Nanoleaf1624,OFF
2025-12-20T23:37:21.487366+00:00,HueWhite1549,OFF
2025-12-20T23:38:19.492985+00:00,HueWhite0475,OFF
2025-12-20T23:38:42.485714+00:00,HueWhite1549,ON
2025-12-20T23:38:47.485898+00:00,Nanoleaf0176,OFF
2025-12-20T23:39:02.486395+00:00,Nanoleaf1624,ON
2025-12-20T23:39:10.488830+00:00,ESP2light,ON
2025-12-20T23:39:39.495508+00:00,ESP1light,OFF
2025-12-20T23:40:26.485386+00:00,ESP1light,ON
2025-12-20T23:40:57.486270+00:00,ESP1light,OFF
2025-12-20T23:41:10.486973+00:00,ESP1light,ON
2025-12-20T23:41:21.499485+00:00,HueWhite1549,OFF
2025-12-20T23:42:19.487916+00:00,Nanoleaf0176,ON
2025-12-20T23:42:44.487081+00:00,ESP3light,OFF
2025-12-20T23:42:57.485806+00:00,Nanoleaf0176,OFF
2025-12-20T23:43:24.487660+00:00,ESP2light,OFF
2025-12-20T23:43:27.493094+00:00,HueWhite0475,ON
2025-12-20T23:44:23.489974+00:00,ESP2light,ON
2025-12-20T23:44:55.487287+00:00,HueWhite1549,ON
2025-12-20T23:45:03.485319+00:00,Nanoleaf0176,ON
2025-12-20T23:45:50.494526+00:00,HueWhite0475,OFF
2025-12-20T23:46:19.487098+00:00,ESP1light,OFF
2025-12-20T23:46:22.486133+00:00,ESP3light,ON
2025-12-20T23:47:07.487834+00:00,ESP3light,OFF
2025-12-20T23:47:43.487786+00:00,HueWhite1549,OFF
2025-12-20T23:48:37.495908+00:00,Nanoleaf0176,OFF
2025-12-20T23:49:18.486048+00:00,HueWhite1549,ON
2025-12-20T23:49:24.487122+00:00,HueWhite1549,OFF
2025-12-20T23:50:56.487672+00:00,Nanoleaf1624,OFF
2025-12-20T23:50:57.493722+00:00,ESP3light,ON
2025-12-20T23:51:29.488137+00:00,ESP3light,OFF
2025-12-20T23:51:52.486592+00:00,Nanoleaf1624,ON
2025-12-20T23:52:01.485409+00:00,ESP3light,ON
2025-12-20T23:52:18.486702+00:00,Nanoleaf0176,ON
2025-12-20T23:52:41.486856+00:00,ESP3light,OFF
2025-12-20T23:53:00.488165+00:00,HueWhite1549,ON
2025-12-20T23:53:26.486972+00:00,ESP3light,ON
2025-12-20T23:53:58.487557+00:00,ESP3light,OFF
2025-12-20T23:54:14.499806+00:00,ESP1light,ON
2025-12-20T23:55:53.487388+00:00,HueWhite0475,ON
2025-12-20T23:56:39.486269+00:00,ESP2light,OFF
2025-12-20T23:56:44.498433+00:00,ESP3light,ON
2025-12-20T23:56:58.489552+00:00,Nanoleaf0176,OFF
2025-12-20T23:57:00.508125+00:00,Nanoleaf1624,OFF
2025-12-20T23:58:08.488681+00:00,HueWhite1549,OFF
2025-12-20T23:58:17.488531+00:00,ESP1light,OFF
2025-12-20T23:58:54.485439+00:00,HueWhite1549,ON
2025-12-20T23:59:55.488042+00:00,ESP2light,ON
2025-12-20T23:59:57.486791+00:00,HueWhite1549,OFF
2025-12-21T00:00:25.488251+00:00,Nanoleaf1624,ON
2025-12-21T00:00:34.488481+00:00,ESP1light,ON
2025-12-21T00:01:04.488590+00:00,HueWhite1549,ON
2025-12-21T00:01:26.489715+00:00,ESP3light,OFF
2025-12-21T00:02:29.491089+00:00,Nanoleaf0176,ON
2025-12-21T00:03:24.487330+00:00,ESP2light,OFF
2025-12-21T00:03:39.494902+00:00,HueWhite0475,OFF
2025-12-21T00:04:54.485928+00:00,ESP2light,ON
2025-12-21T00:05:19.487984+00:00,HueWhite0475,ON
2025-12-21T00:06:08.486780+00:00,Nanoleaf1624,OFF
2025-12-21T00:06:21.494736+00:00,Nanoleaf0176,OFF
2025-12-21T00:07:08.487419+00:00,ESP2light,OFF
2025-12-21T00:07:48.485863+00:00,HueWhite0475,OFF
2025-12-21T00:08:23.487493+00:00,Nanoleaf1624,ON
2025-12-21T00:08:56.496860+00:00,HueWhite1549,OFF
2025-12-21T00:09:36.487449+00:00,ESP3light,ON
2025-12-21T00:10:14.486437+00:00,ESP1light,OFF
2025-12-21T00:10:32.487814+00:00,Nanoleaf1624,OFF
2025-12-21T00:10:49.535637+00:00,HueWhite0475,ON
2025-12-21T00:10:58.487167+00:00,ESP2light,ON
2025-12-21T00:11:50.486161+00:00,HueWhite0475,OFF
2025-12-21T00:11:52.485313+00:00,HueWhite1549,ON
2025-12-21T00:13:27.495867+00:00,HueWhite0475,ON
2025-12-21T00:13:29.486193+00:00,ESP1light,ON
2025-12-21T00:15:34.486085+00:00,Nanoleaf1624,ON
2025-12-21T00:15:47.487314+00:00,ESP3light,OFF
2025-12-21T00:16:31.487740+00:00,ESP2light,OFF
2025-12-21T00:16:36.495699+00:00,HueWhite1549,OFF
2025-12-21T00:17:03.487260+00:00,Nanoleaf0176,ON
2025-12-21T00:17:31.486104+00:00,ESP1light,OFF
2025-12-21T00:18:27.485636+00:00,Nanoleaf0176,OFF
2025-12-21T00:18:43.487935+00:00,HueWhite1549,ON
2025-12-21T00:19:12.489137+00:00,HueWhite0475,OFF
2025-12-21T00:20:04.487110+00:00,HueWhite1549,OFF
2025-12-21T00:20:27.485470+00:00,HueWhite1549,ON
2025-12-21T00:20:41.484940+00:00,ESP1light,ON
2025-12-21T00:20:51.493251+00:00,Nanoleaf1624,OFF
2025-12-21T00:21:52.485339+00:00,Nanoleaf0176,ON
2025-12-21T00:23:21.485908+00:00,HueWhite1549,OFF
2025-12-21T00:23:28.485006+00:00,Nanoleaf0176,OFF
2025-12-21T00:23:36.492669+00:00,ESP3light,ON
2025-12-21T00:24:13.489704+00:00,Nanoleaf0176,ON
2025-12-21T00:24:25.488567+00:00,ESP1light,OFF
2025-12-21T00:25:25.486757+00:00,Nanoleaf1624,ON
2025-12-21T00:25:40.485976+00:00,Nanoleaf0176,OFF
2025-12-21T00:26:57.486130+00:00,ESP2light,ON
2025-12-21T00:27:10.487145+00:00,Nanoleaf0176,ON
2025-12-21T00:27:32.486020+00:00,HueWhite1549,ON
2025-12-21T00:27:37.493970+00:00,ESP1light,ON
2025-12-21T00:28:15.486844+00:00,HueWhite1549,OFF
2025-12-21T00:28:38.486546+00:00,Nanoleaf1624,OFF
2025-12-21T00:28:43.488326+00:00,HueWhite1549,ON
2025-12-21T00:29:38.486586+00:00,Nanoleaf1624,ON
2025-12-21T00:30:13.488942+00:00,HueWhite0475,ON
2025-12-21T00:30:27.486448+00:00,ESP2light,OFF
2025-12-21T00:31:06.488188+00:00,HueWhite0475,OFF
2025-12-21T00:31:46.494231+00:00,HueWhite1549,OFF
2025-12-21T00:32:19.486681+00:00,Nanoleaf1624,OFF
2025-12-21T00:32:28.485050+00:00,ESP3light,OFF
2025-12-21T00:32:33.486303+00:00,ESP1light,OFF
2025-12-21T00:33:25.494417+00:00,ESP3light,ON
2025-12-21T00:33:36.487282+00:00,HueWhite0475,ON
2025-12-21T00:34:08.488304+00:00,Nanoleaf1624,ON
2025-12-21T00:34:51.487814+00:00,Nanoleaf0176,OFF
2025-12-21T00:35:24.487115+00:00,HueWhite1549,ON
2025-12-21T00:36:18.487883+00:00,HueWhite0475,OFF
2025-12-21T00:36:22.486303+00:00,Nanoleaf0176,ON
2025-12-21T00:36:51.488639+00:00,ESP2light,ON
2025-12-21T00:36:52.485058+00:00,HueWhite1549,OFF
2025-12-21T00:37:45.489041+00:00,ESP1light,ON
2025-12-21T00:38:33.487919+00:00,ESP2light,OFF
2025-12-21T00:38:42.487272+00:00,Nanoleaf1624,OFF
2025-12-21T00:39:09.485317+00:00,HueWhite0475,ON
2025-12-21T00:39:30.486647+00:00,ESP2light,ON
2025-12-21T00:39:50.489896+00:00,ESP3light,OFF
2025-12-21T00:41:06.486438+00:00,ESP3light,ON
2025-12-21T00:41:45.487344+00:00,Nanoleaf0176,OFF
2025-12-21T00:41:54.485021+00:00,ESP3light,OFF
2025-12-21T00:42:59.487350+00:00,ESP2light,OFF
2025-12-21T00:43:04.486498+00:00,ESP2light,ON
2025-12-21T00:43:07.485746+00:00,Nanoleaf1624,ON
2025-12-21T00:43:36.487474+00:00,HueWhite0475,OFF
2025-12-21T00:43:57.487265+00:00,ESP3light,ON
2025-12-21T00:44:04.487469+00:00,ESP1light,OFF
2025-12-21T00:44:45.487960+00:00,Nanoleaf1624,OFF
2025-12-21T00:44:51.485663+00:00,ESP3light,OFF
2025-12-21T00:45:01.487238+00:00,HueWhite1549,ON
2025-12-21T00:45:17.486227+00:00,ESP2light,OFF
2025-12-21T00:46:05.486928+00:00,ESP2light,ON
2025-12-21T00:46:06.487425+00:00,ESP2light,OFF
2025-12-21T00:46:11.486310+00:00,Nanoleaf1624,ON
2025-12-21T00:46:58.487366+00:00,HueWhite0475,ON
2025-12-21T00:47:22.496308+00:00,HueWhite1549,OFF
2025-12-21T00:47:28.489617+00:00,ESP3light,ON
2025-12-21T00:47:56.487624+00:00,ESP3light,OFF
2025-12-21T00:48:48.486762+00:00,ESP2light,ON
2025-12-21T00:49:17.488379+00:00,ESP3light,ON
2025-12-21T00:49:39.495276+00:00,HueWhite1549,ON
2025-12-21T00:49:54.488059+00:00,Nanoleaf1624,OFF
2025-12-21T00:50:41.490139+00:00,HueWhite1549,OFF
2025-12-21T00:52:05.495851+00:00,HueWhite0475,OFF
2025-12-21T00:52:38.487780+00:00,ESP2light,OFF
2025-12-21T00:52:43.485801+00:00,ESP2light,ON
2025-12-21T00:52:56.487509+00:00,ESP2light,OFF
2025-12-21T00:53:49.486106+00:00,ESP2light,ON
2025-12-21T00:53:50.484487+00:00,Nanoleaf1624,ON
2025-12-21T00:54:41.486399+00:00,Nanoleaf0176,ON
2025-12-21T00:55:11.487985+00:00,HueWhite0475,ON
2025-12-21T00:56:18.486613+00:00,ESP2light,OFF
2025-12-21T00:56:23.487236+00:00,ESP1light,ON
2025-12-21T00:57:57.488831+00:00,ESP2light,ON
2025-12-21T00:58:06.487003+00:00,HueWhite0475,OFF
2025-12-21T00:58:10.496208+00:00,ESP2light,OFF
2025-12-21T00:58:34.489124+00:00,ESP2light,ON
2025-12-21T00:58:37.486440+00:00,ESP1light,OFF
2025-12-21T00:58:52.485381+00:00,HueWhite0475,ON
2025-12-21T00:59:32.489304+00:00,ESP1light,ON
2025-12-21T01:00:19.486563+00:00,Nanoleaf1624,OFF
2025-12-21T01:00:44.487386+00:00,HueWhite1549,ON
2025-12-21T01:01:19.486307+00:00,Nanoleaf1624,ON
2025-12-21T01:01:41.488214+00:00,HueWhite1549,OFF
2025-12-21T01:01:48.495273+00:00,HueWhite1549,ON
2025-12-21T01:02:08.487139+00:00,Nanoleaf0176,OFF
2025-12-21T01:02:27.485026+00:00,HueWhite1549,OFF
2025-12-21T01:03:35.488340+00:00,ESP3light,OFF
2025-12-21T01:04:00.495901+00:00,ESP1light,OFF
2025-12-21T01:04:47.488492+00:00,HueWhite1549,ON
2025-12-21T01:05:15.488300+00:00,Nanoleaf0176,ON
2025-12-21T01:05:23.485798+00:00,ESP1light,ON
2025-12-21T01:05:33.486729+00:00,Nanoleaf0176,OFF
2025-12-21T01:06:39.486893+00:00,ESP2light,OFF
2025-12-21T01:07:19.486626+00:00,HueWhite0475,OFF
2025-12-21T01:08:00.488442+00:00,HueWhite0475,ON
2025-12-21T01:08:07.493146+00:00,HueWhite0475,OFF
2025-12-21T01:09:08.486145+00:00,HueWhite1549,OFF
2025-12-21T01:09:32.485424+00:00,ESP1light,OFF
2025-12-21T01:09:59.487308+00:00,Nanoleaf0176,ON
2025-12-21T01:10:00.494836+00:00,ESP1light,ON
2025-12-21T01:10:32.487734+00:00,Nanoleaf0176,OFF
2025-12-21T01:10:48.488202+00:00,ESP3light,ON
2025-12-21T01:11:21.494557+00:00,ESP3light,OFF
2025-12-21T01:12:08.488179+00:00,Nanoleaf1624,OFF
2025-12-21T01:13:18.486829+00:00,ESP3light,ON
2025-12-21T01:13:28.485896+00:00,ESP2light,ON
2025-12-21T01:13:35.487934+00:00,ESP2light,OFF
2025-12-21T01:14:07.486602+00:00,Nanoleaf1624,ON
2025-12-21T01:14:52.487870+00:00,HueWhite0475,ON
2025-12-21T01:15:21.488947+00:00,Nanoleaf1624,OFF
2025-12-21T01:15:32.485538+00:00,HueWhite1549,ON
2025-12-21T01:15:42.485164+00:00,ESP1light,OFF
2025-12-21T01:15:54.509686+00:00,HueWhite1549,OFF
2025-12-21T01:17:17.485017+00:00,ESP1light,ON
2025-12-21T01:17:25.486104+00:00,Nanoleaf1624,ON
2025-12-21T01:17:25.493512+00:00,ESP2light,ON
2025-12-21T01:18:31.485106+00:00,Nanoleaf1624,OFF
2025-12-21T01:19:28.487463+00:00,Nanoleaf0176,ON
2025-12-21T01:19:49.490217+00:00,ESP2light,OFF
2025-12-21T01:20:00.485931+00:00,ESP1light,OFF
2025-12-21T01:20:27.494095+00:00,HueWhite1549,ON
2025-12-21T01:20:30.487184+00:00,Nanoleaf1624,ON
2025-12-21T01:21:21.486871+00:00,Nanoleaf0176,OFF
2025-12-21T01:21:27.484916+00:00,HueWhite0475,OFF
2025-12-21T01:22:26.496298+00:00,ESP2light,ON
2025-12-21T01:23:00.493439+00:00,Nanoleaf1624,OFF
2025-12-21T01:23:09.487345+00:00,Nanoleaf1624,ON
2025-12-21T01:24:32.489015+00:00,ESP1light,ON
2025-12-21T01:24:48.483786+00:00,ESP1light,OFF
2025-12-21T01:25:39.486768+00:00,ESP3light,OFF
2025-12-21T01:26:19.490222+00:00,ESP1light,ON
2025-12-21T01:28:29.494757+00:00,ESP3light,ON
2025-12-21T01:28:39.487365+00:00,Nanoleaf0176,ON
2025-12-21T01:29:37.487216+00:00,ESP2light,OFF
2025-12-21T01:29:43.487513+00:00,ESP1light,OFF
2025-12-21T01:30:27.488276+00:00,ESP2light,ON
2025-12-21T01:30:28.488469+00:00,HueWhite0475,ON
2025-12-21T01:30:33.492359+00:00,Nanoleaf0176,OFF
2025-12-21T01:31:17.486331+00:00,ESP3light,OFF
2025-12-21T01:31:47.491051+00:00,Nanoleaf1624,OFF
2025-12-21T01:32:08.487183+00:00,ESP1light,ON
2025-12-21T01:32:28.487090+00:00,ESP3light,ON
2025-12-21T01:32:42.493359+00:00,ESP3light,OFF
2025-12-21T01:33:52.487674+00:00,ESP1light,OFF
2025-12-21T01:34:31.488303+00:00,ESP2light,OFF
2025-12-21T01:35:35.485129+00:00,HueWhite1549,OFF
2025-12-21T01:37:18.485991+00:00,Nanoleaf1624,ON
2025-12-21T01:37:22.485009+00:00,HueWhite0475,OFF
2025-12-21T01:37:33.487797+00:00,ESP1light,ON
2025-12-21T01:38:20.487524+00:00,ESP2light,ON
2025-12-21T01:38:39.487874+00:00,ESP2light,OFF
2025-12-21T01:39:05.487544+00:00,HueWhite0475,ON
2025-12-21T01:40:11.488276+00:00,ESP1light,OFF
2025-12-21T01:40:50.487284+00:00,ESP3light,ON
2025-12-21T01:40:54.486623+00:00,HueWhite1549,ON
2025-12-21T01:41:19.486056+00:00,Nanoleaf0176,ON
2025-12-21T01:41:43.488194+00:00,ESP3light,OFF
2025-12-21T01:41:54.487614+00:00,ESP3light,ON
2025-12-21T01:42:56.495732+00:00,Nanoleaf0176,OFF
2025-12-21T01:42:58.487431+00:00,HueWhite0475,OFF
2025-12-21T01:43:49.485155+00:00,Nanoleaf1624,OFF
2025-12-21T01:44:07.487478+00:00,Nanoleaf0176,ON
2025-12-21T01:44:44.499314+00:00,Nanoleaf0176,OFF
2025-12-21T01:44:50.487830+00:00,ESP3light,OFF
2025-12-21T01:45:56.486116+00:00,ESP1light,ON
2025-12-21T01:46:04.488433+00:00,Nanoleaf1624,ON
2025-12-21T01:46:59.486247+00:00,ESP3light,ON
2025-12-21T01:47:38.493638+00:00,Nanoleaf1624,OFF
2025-12-21T01:47:44.487628+00:00,Nanoleaf1624,ON
2025-12-21T01:48:09.487477+00:00,Nanoleaf1624,OFF
2025-12-21T01:48:34.487147+00:00,Nanoleaf1624,ON
2025-12-21T01:49:01.488033+00:00,ESP2light,ON
2025-12-21T01:49:15.494532+00:00,ESP2light,OFF
2025-12-21T01:49:32.487319+00:00,HueWhite1549,OFF
2025-12-21T01:49:52.485921+00:00,Nanoleaf0176,ON
2025-12-21T01:50:51.488726+00:00,HueWhite1549,ON
2025-12-21T01:50:55.494304+00:00,ESP3light,OFF
2025-12-21T01:51:02.487226+00:00,ESP1light,OFF
2025-12-21T01:51:12.486674+00:00,Nanoleaf1624,OFF
2025-12-21T01:52:36.487665+00:00,Nanoleaf1624,ON
2025-12-21T01:52:51.488377+00:00,HueWhite1549,OFF
2025-12-21T01:53:09.495607+00:00,Nanoleaf0176,OFF
2025-12-21T01:53:42.486961+00:00,ESP2light,ON
2025-12-21T01:54:15.488158+00:00,ESP2light,OFF
2025-12-21T01:54:40.487043+00:00,ESP1light,ON
2025-12-21T01:55:33.495838+00:00,HueWhite1549,ON
2025-12-21T01:55:34.488600+00:00,ESP2light,ON
2025-12-21T01:56:15.487292+00:00,ESP2light,OFF
2025-12-21T01:57:43.489416+00:00,Nanoleaf1624,OFF
2025-12-21T01:57:50.489933+00:00,Nanoleaf1624,ON
2025-12-21T01:58:56.534866+00:00,ESP3light,ON
2025-12-21T01:59:23.486481+00:00,Nanoleaf0176,ON
2025-12-21T01:59:30.487630+00:00,ESP1light,OFF
2025-12-21T01:59:37.484871+00:00,ESP2light,ON
2025-12-21T01:59:58.485644+00:00,ESP3light,OFF
2025-12-21T02:00:28.486411+00:00,Nanoleaf0176,OFF
2025-12-21T02:00:35.486454+00:00,Nanoleaf1624,OFF
2025-12-21T02:00:53.486542+00:00,ESP3light,ON
2025-12-21T02:01:50.496474+00:00,Nanoleaf0176,ON
2025-12-21T02:01:58.488345+00:00,HueWhite0475,ON
2025-12-21T02:02:05.487348+00:00,Nanoleaf0176,OFF
2025-12-21T02:02:28.486467+00:00,Nanoleaf1624,ON
2025-12-21T02:02:51.487143+00:00,HueWhite0475,OFF
2025-12-21T02:03:48.492954+00:00,Nanoleaf1624,OFF
2025-12-21T02:03:59.487405+00:00,Nanoleaf0176,ON
2025-12-21T02:05:28.486854+00:00,Nanoleaf1624,ON
2025-12-21T02:05:28.503263+00:00,HueWhite0475,ON
2025-12-21T02:06:04.488239+00:00,ESP2light,OFF
2025-12-21T02:06:04.512953+00:00,Nanoleaf0176,OFF
2025-12-21T02:06:36.486855+00:00,Nanoleaf0176,ON
2025-12-21T02:07:36.490293+00:00,HueWhite0475,OFF
2025-12-21T02:08:34.485731+00:00,HueWhite1549,OFF
2025-12-21T02:08:37.485208+00:00,ESP2light,ON
2025-12-21T02:09:08.486884+00:00,ESP2light,OFF
2025-12-21T02:09:34.488409+00:00,Nanoleaf0176,OFF
2025-12-21T02:09:37.485404+00:00,HueWhite1549,ON
2025-12-21T02:11:15.486019+00:00,Nanoleaf1624,OFF
2025-12-21T02:11:40.485556+00:00,ESP3light,OFF
2025-12-21T02:12:07.487374+00:00,HueWhite0475,ON
2025-12-21T02:12:47.487285+00:00,HueWhite1549,OFF
2025-12-21T02:12:52.486494+00:00,HueWhite0475,OFF
2025-12-21T02:14:03.487281+00:00,Nanoleaf1624,ON
2025-12-21T02:15:33.489023+00:00,Nanoleaf0176,ON
2025-12-21T02:15:36.488203+00:00,HueWhite0475,ON
2025-12-21T02:15:53.495049+00:00,HueWhite0475,OFF
2025-12-21T02:16:10.486228+00:00,ESP2light,ON
2025-12-21T02:16:55.487206+00:00,Nanoleaf0176,OFF
2025-12-21T02:17:15.485762+00:00,HueWhite1549,ON
2025-12-21T02:18:29.494656+00:00,HueWhite1549,OFF
2025-12-21T02:19:00.487617+00:00,HueWhite1549,ON
2025-12-21T02:19:11.485157+00:00,ESP3light,ON
2025-12-21T02:19:48.486594+00:00,ESP1light,ON
2025-12-21T02:20:16.492046+00:00,ESP1light,OFF
2025-12-21T02:20:57.487901+00:00,Nanoleaf0176,ON
2025-12-21T02:21:20.482211+00:00,Nanoleaf1624,OFF
2025-12-21T02:21:20.505201+00:00,ESP3light,OFF
2025-12-21T02:21:29.487136+00:00,HueWhite0475,ON
2025-12-21T02:22:07.495820+00:00,HueWhite0475,OFF
2025-12-21T02:23:26.487008+00:00,HueWhite0475,ON
2025-12-21T02:23:56.488357+00:00,ESP3light,ON
2025-12-21T02:24:35.488188+00:00,ESP2light,OFF
2025-12-21T02:25:41.498455+00:00,ESP3light,OFF
2025-12-21T02:25:44.487755+00:00,ESP1light,ON
2025-12-21T02:26:07.487404+00:00,HueWhite0475,OFF
2025-12-21T02:26:44.487566+00:00,HueWhite1549,OFF
2025-12-21T02:27:05.488264+00:00,ESP1light,OFF
2025-12-21T02:28:13.496549+00:00,Nanoleaf1624,ON
2025-12-21T02:28:21.485019+00:00,ESP2light,ON
2025-12-21T02:29:04.488462+00:00,ESP3light,ON
2025-12-21T02:29:33.486132+00:00,Nanoleaf0176,OFF
2025-12-21T02:30:14.496101+00:00,Nanoleaf0176,ON
2025-12-21T02:30:16.487809+00:00,ESP3light,OFF
2025-12-21T02:30:45.486464+00:00,ESP3light,ON
2025-12-21T02:30:57.486301+00:00,ESP1light,ON
2025-12-21T02:31:39.487701+00:00,ESP2light,OFF
2025-12-21T02:32:13.496525+00:00,HueWhite1549,ON
2025-12-21T02:32:14.487074+00:00,HueWhite1549,OFF
2025-12-21T02:32:31.488005+00:00,Nanoleaf1624,OFF
2025-12-21T02:33:19.489686+00:00,ESP1light,OFF
2025-12-21T02:33:32.488373+00:00,HueWhite1549,ON
2025-12-21T02:33:56.493113+00:00,Nanoleaf1624,ON
2025-12-21T02:34:45.488851+00:00,Nanoleaf0176,OFF
2025-12-21T02:35:39.487654+00:00,Nanoleaf0176,ON
2025-12-21T02:36:25.487378+00:00,ESP2light,ON
2025-12-21T02:36:44.494717+00:00,Nanoleaf1624,OFF
2025-12-21T02:37:24.488556+00:00,ESP2light,OFF
2025-12-21T02:37:53.489176+00:00,ESP2light,ON
2025-12-21T02:38:12.491297+00:00,Nanoleaf0176,OFF
2025-12-21T02:38:43.494009+00:00,ESP3light,OFF
2025-12-21T02:39:21.489402+00:00,ESP2light,OFF
2025-12-21T02:39:27.487293+00:00,ESP1light,ON
2025-12-21T02:39:45.486848+00:00,HueWhite0475,ON
2025-12-21T02:40:29.486486+00:00,HueWhite1549,OFF
2025-12-21T02:41:10.486546+00:00,Nanoleaf0176,ON
2025-12-21T02:41:37.487106+00:00,HueWhite0475,OFF
2025-12-21T02:41:46.487031+00:00,ESP2light,ON
2025-12-21T02:42:22.488726+00:00,HueWhite1549,ON
2025-12-21T02:42:44.494747+00:00,ESP2light,OFF
2025-12-21T02:43:23.488216+00:00,Nanoleaf0176,OFF
2025-12-21T02:43:58.489454+00:00,Nanoleaf1624,ON
2025-12-21T02:45:07.488774+00:00,ESP3light,ON
2025-12-21T02:45:14.492475+00:00,HueWhite1549,OFF
2025-12-21T02:45:29.488118+00:00,HueWhite0475,ON
2025-12-21T02:45:40.488362+00:00,HueWhite1549,ON
2025-12-21T02:46:10.486906+00:00,HueWhite0475,OFF
2025-12-21T02:46:25.494412+00:00,ESP3light,OFF
2025-12-21T02:46:43.490122+00:00,ESP2light,ON
2025-12-21T02:47:22.485979+00:00,HueWhite0475,ON
2025-12-21T02:47:36.486070+00:00,ESP3light,ON
2025-12-21T02:48:31.485403+00:00,HueWhite1549,OFF
2025-12-21T02:49:03.492419+00:00,ESP2light,OFF
2025-12-21T02:49:31.487564+00:00,HueWhite0475,OFF
2025-12-21T02:49:35.485167+00:00,ESP3light,OFF
2025-12-21T02:50:34.484557+00:00,Nanoleaf0176,ON
2025-12-21T02:51:58.500686+00:00,ESP2light,ON
2025-12-21T02:52:34.487197+00:00,Nanoleaf1624,OFF
2025-12-21T02:52:45.487475+00:00,HueWhite0475,ON
2025-12-21T02:52:56.487877+00:00,HueWhite1549,ON
2025-12-21T02:53:09.490477+00:00,ESP3light,ON
2025-12-21T02:53:20.488622+00:00,ESP1light,OFF
2025-12-21T02:53:39.486253+00:00,Nanoleaf1624,ON
2025-12-21T02:55:00.488371+00:00,Nanoleaf1624,OFF
2025-12-21T02:55:04.488081+00:00,ESP3light,OFF
2025-12-21T02:55:08.493709+00:00,HueWhite0475,OFF
2025-12-21T02:56:12.485728+00:00,HueWhite1549,OFF
2025-12-21T02:56:51.484556+00:00,Nanoleaf1624,ON
2025-12-21T02:57:07.486222+00:00,ESP2light,OFF
2025-12-21T02:57:20.486971+00:00,Nanoleaf0176,OFF
2025-12-21T02:57:45.488060+00:00,ESP2light,ON
2025-12-21T02:58:20.487158+00:00,Nanoleaf1624,OFF
2025-12-21T02:58:32.487284+00:00,Nanoleaf0176,ON
2025-12-21T02:59:13.486885+00:00,ESP2light,OFF
2025-12-21T02:59:20.486888+00:00,HueWhite0475,ON
2025-12-21T02:59:28.488365+00:00,ESP3light,ON
2025-12-21T03:00:36.496454+00:00,Nanoleaf0176,OFF
2025-12-21T03:00:53.487386+00:00,ESP1light,ON
2025-12-21T03:00:59.488341+00:00,ESP3light,OFF
2025-12-21T03:01:21.486675+00:00,ESP1light,OFF
2025-12-21T03:01:39.487627+00:00,ESP1light,ON
2025-12-21T03:02:28.487812+00:00,Nanoleaf1624,ON
2025-12-21T03:02:36.488221+00:00,HueWhite1549,ON
2025-12-21T03:03:31.489520+00:00,Nanoleaf0176,ON
2025-12-21T03:03:31.506786+00:00,Nanoleaf0176,ON
2025-12-21T03:04:02.494303+00:00,Nanoleaf0176,OFF
2025-12-21T03:04:13.487220+00:00,ESP1light,OFF
2025-12-21T03:04:42.492713+00:00,ESP2light,ON
2025-12-21T03:05:44.490377+00:00,HueWhite1549,OFF
2025-12-21T03:06:56.495569+00:00,Nanoleaf1624,OFF
2025-12-21T03:07:00.489703+00:00,ESP2light,OFF
2025-12-21T03:07:27.489626+00:00,HueWhite1549,ON
2025-12-21T03:07:51.488021+00:00,Nanoleaf1624,ON
2025-12-21T03:07:54.490036+00:00,ESP3light,ON
2025-12-21T03:08:37.494894+00:00,ESP2light,ON
2025-12-21T03:09:13.485897+00:00,HueWhite0475,OFF
2025-12-21T03:09:17.487770+00:00,HueWhite1549,OFF
2025-12-21T03:09:27.488800+00:00,Nanoleaf0176,ON
2025-12-21T03:10:01.484941+00:00,HueWhite1549,ON
2025-12-21T03:10:35.487715+00:00,HueWhite1549,OFF
2025-12-21T03:11:30.487499+00:00,HueWhite0475,ON
2025-12-21T03:11:57.485438+00:00,ESP3light,OFF
2025-12-21T03:12:20.477138+00:00,HueWhite1549,ON
2025-12-21T03:12:23.482371+00:00,Nanoleaf0176,OFF
2025-12-21T03:12:29.490098+00:00,HueWhite1549,OFF
2025-12-21T03:13:20.483548+00:00,ESP1light,ON
2025-12-21T03:13:57.485308+00:00,HueWhite0475,OFF
2025-12-21T03:14:26.495848+00:00,Nanoleaf1624,OFF
2025-12-21T03:14:57.487213+00:00,Nanoleaf0176,ON
2025-12-21T03:15:22.486497+00:00,Nanoleaf0176,OFF
2025-12-21T03:15:45.487875+00:00,Nanoleaf0176,ON
2025-12-21T03:15:48.491189+00:00,ESP3light,ON
2025-12-21T03:16:37.488823+00:00,ESP2light,OFF
2025-12-21T03:16:39.489067+00:00,ESP3light,OFF
2025-12-21T03:16:42.489022+00:00,HueWhite0475,ON
2025-12-21T03:16:46.484956+00:00,ESP2light,ON
2025-12-21T03:17:16.486827+00:00,ESP1light,OFF
2025-12-21T03:17:38.487406+00:00,HueWhite0475,OFF
2025-12-21T03:17:52.484792+00:00,Nanoleaf1624,ON
2025-12-21T03:18:20.488556+00:00,Nanoleaf1624,OFF
2025-12-21T03:19:00.486876+00:00,Nanoleaf0176,OFF
2025-12-21T03:19:19.487837+00:00,HueWhite1549,ON
2025-12-21T03:20:57.486644+00:00,Nanoleaf0176,ON
2025-12-21T03:21:22.489306+00:00,HueWhite0475,ON
2025-12-21T03:21:25.485622+00:00,ESP1light,ON
2025-12-21T03:21:31.486885+00:00,ESP2light,OFF
2025-12-21T03:23:18.488434+00:00,Nanoleaf1624,ON
2025-12-21T03:23:31.485630+00:00,ESP3light,ON
2025-12-21T03:24:17.487852+00:00,ESP2light,ON
2025-12-21T03:24:18.486992+00:00,Nanoleaf1624,OFF
2025-12-21T03:24:30.486324+00:00,ESP3light,OFF
2025-12-21T03:24:30.500190+00:00,ESP3light,OFF
2025-12-21T03:25:45.488569+00:00,Nanoleaf0176,OFF
2025-12-21T03:26:22.496139+00:00,HueWhite0475,OFF
2025-12-21T03:27:37.489065+00:00,HueWhite1549,OFF
2025-12-21T03:28:23.486954+00:00,ESP1light,OFF
2025-12-21T03:28:53.489069+00:00,ESP2light,OFF
2025-12-21T03:28:54.500294+00:00,ESP1light,ON
2025-12-21T03:29:41.486639+00:00,Nanoleaf1624,ON
2025-12-21T03:30:44.485369+00:00,Nanoleaf1624,OFF
2025-12-21T03:30:49.488133+00:00,Nanoleaf1624,ON
2025-12-21T03:30:54.490112+00:00,Nanoleaf0176,ON
2025-12-21T03:31:36.486965+00:00,ESP2light,ON
2025-12-21T03:32:26.486867+00:00,HueWhite1549,ON
2025-12-21T03:32:29.486346+00:00,ESP1light,OFF
2025-12-21T03:32:38.485790+00:00,Nanoleaf0176,OFF
2025-12-21T03:33:38.496954+00:00,ESP1light,ON
2025-12-21T03:34:25.487201+00:00,Nanoleaf1624,OFF
2025-12-21T03:35:15.486686+00:00,ESP3light,ON
2025-12-21T03:35:53.487980+00:00,HueWhite1549,OFF
2025-12-21T03:36:00.487169+00:00,ESP2light,OFF
2025-12-21T03:37:17.486239+00:00,ESP2light,ON
2025-12-21T03:37:17.496387+00:00,ESP2light,ON
2025-12-21T03:37:40.489413+00:00,HueWhite1549,ON
2025-12-21T03:38:46.486646+00:00,HueWhite1549,OFF
2025-12-21T03:38:56.486429+00:00,Nanoleaf0176,ON
2025-12-21T03:39:13.489038+00:00,ESP3light,OFF
2025-12-21T03:39:42.486685+00:00,Nanoleaf1624,ON
2025-12-21T03:39:48.485274+00:00,Nanoleaf1624,OFF
2025-12-21T03:40:03.494552+00:00,ESP1light,OFF
2025-12-21T03:40:18.488503+00:00,ESP2light,OFF
2025-12-21T03:41:17.488574+00:00,ESP3light,ON
2025-12-21T03:41:45.486765+00:00,Nanoleaf1624,ON
2025-12-21T03:42:18.486008+00:00,ESP2light,ON
2025-12-21T03:43:15.486324+00:00,ESP1light,ON
2025-12-21T03:43:18.497564+00:00,HueWhite1549,ON
2025-12-21T03:43:28.488048+00:00,ESP3light,OFF
2025-12-21T03:44:18.489102+00:00,ESP3light,ON
2025-12-21T03:44:57.493167+00:00,ESP2light,OFF
2025-12-21T03:45:01.488880+00:00,Nanoleaf1624,OFF
2025-12-21T03:45:08.488554+00:00,ESP1light,OFF
2025-12-21T03:46:01.486998+00:00,ESP3light,OFF
2025-12-21T03:46:14.485696+00:00,HueWhite1549,OFF
2025-12-21T03:46:36.488436+00:00,HueWhite0475,ON
2025-12-21T03:46:57.486026+00:00,ESP2light,ON
2025-12-21T03:47:08.486325+00:00,Nanoleaf1624,ON
2025-12-21T03:47:41.487332+00:00,Nanoleaf0176,OFF
2025-12-21T03:48:33.494771+00:00,Nanoleaf1624,OFF
2025-12-21T03:49:07.484987+00:00,ESP1light,ON
2025-12-21T03:49:17.483698+00:00,ESP2light,OFF
2025-12-21T03:50:07.485487+00:00,ESP2light,ON
2025-12-21T03:50:41.486557+00:00,HueWhite0475,OFF
2025-12-21T03:52:08.486603+00:00,HueWhite0475,ON
2025-12-21T03:52:32.487128+00:00,HueWhite0475,OFF
2025-12-21T03:53:13.487829+00:00,HueWhite1549,ON
2025-12-21T03:53:21.491921+00:00,HueWhite0475,ON
2025-12-21T03:53:25.487080+00:00,Nanoleaf1624,ON
2025-12-21T03:54:09.487383+00:00,Nanoleaf0176,ON
2025-12-21T03:54:39.485777+00:00,ESP2light,OFF
2025-12-21T03:55:02.486661+00:00,Nanoleaf1624,OFF
2025-12-21T03:55:14.500146+00:00,ESP3light,ON
2025-12-21T03:56:13.487798+00:00,Nanoleaf0176,OFF
2025-12-21T03:56:56.487460+00:00,ESP1light,OFF
2025-12-21T03:57:09.487297+00:00,ESP3light,OFF
2025-12-21T03:57:32.487610+00:00,HueWhite1549,OFF
2025-12-21T03:58:20.490416+00:00,Nanoleaf1624,ON
2025-12-21T03:58:32.491007+00:00,ESP2light,ON
2025-12-21T03:59:00.489457+00:00,ESP3light,ON
2025-12-21T03:59:15.488895+00:00,ESP3light,OFF
2025-12-21T03:59:40.485568+00:00,ESP3light,ON
2025-12-21T03:59:56.486511+00:00,Nanoleaf1624,OFF
2025-12-21T04:00:57.485204+00:00,ESP1light,ON
2025-12-21T04:01:02.485510+00:00,Nanoleaf0176,ON
2025-12-21T04:01:08.489617+00:00,HueWhite0475,OFF
2025-12-21T04:02:18.486399+00:00,ESP1light,OFF
2025-12-21T04:02:52.486914+00:00,ESP3light,OFF
2025-12-21T04:02:53.486367+00:00,HueWhite0475,ON
2025-12-21T04:04:17.487351+00:00,ESP3light,ON
2025-12-21T04:04:31.488255+00:00,HueWhite0475,OFF
2025-12-21T04:05:22.485449+00:00,ESP2light,OFF
2025-12-21T04:05:29.485991+00:00,HueWhite0475,ON
2025-12-21T04:06:28.485499+00:00,HueWhite1549,ON
2025-12-21T04:06:30.487517+00:00,HueWhite1549,OFF
2025-12-21T04:07:05.496524+00:00,Nanoleaf0176,OFF
2025-12-21T04:07:53.489800+00:00,ESP1light,ON
2025-12-21T04:08:11.489160+00:00,ESP2light,ON
2025-12-21T04:08:52.485122+00:00,ESP3light,OFF
2025-12-21T04:09:04.528848+00:00,HueWhite1549,ON
2025-12-21T04:09:13.486630+00:00,HueWhite1549,OFF
2025-12-21T04:09:50.487620+00:00,ESP1light,OFF
2025-12-21T04:10:54.488883+00:00,Nanoleaf1624,ON
2025-12-21T04:10:58.487478+00:00,Nanoleaf1624,OFF
2025-12-21T04:11:12.487559+00:00,ESP3light,ON
2025-12-21T04:11:44.487550+00:00,HueWhite0475,OFF
2025-12-21T04:11:58.487559+00:00,Nanoleaf0176,ON
2025-12-21T04:12:15.487151+00:00,ESP1light,ON
2025-12-21T04:13:03.487421+00:00,HueWhite0475,ON
2025-12-21T04:13:33.487897+00:00,Nanoleaf1624,ON
2025-12-21T04:13:37.489036+00:00,ESP1light,OFF
2025-12-21T04:14:16.486923+00:00,ESP2light,OFF
2025-12-21T04:14:47.487824+00:00,Nanoleaf0176,OFF
2025-12-21T04:15:56.495469+00:00,ESP2light,ON
2025-12-21T04:16:21.487084+00:00,ESP2light,OFF
2025-12-21T04:16:34.487259+00:00,ESP1light,ON
2025-12-21T04:17:12.487032+00:00,Nanoleaf1624,OFF
2025-12-21T04:17:33.487294+00:00,ESP3light,OFF
2025-12-21T04:17:46.502543+00:00,ESP3light,ON
2025-12-21T04:17:59.484470+00:00,ESP2light,ON
2025-12-21T04:18:23.487141+00:00,ESP1light,OFF
2025-12-21T04:18:56.489036+00:00,ESP2light,OFF
2025-12-21T04:19:31.495461+00:00,HueWhite1549,ON
2025-12-21T04:19:55.488754+00:00,HueWhite1549,OFF
2025-12-21T04:20:25.487320+00:00,Nanoleaf1624,ON
2025-12-21T04:20:28.488853+00:00,ESP3light,OFF
2025-12-21T04:20:44.486827+00:00,HueWhite1549,ON
2025-12-21T04:21:41.488355+00:00,ESP3light,ON
2025-12-21T04:21:47.490705+00:00,HueWhite1549,OFF
2025-12-21T04:22:21.489100+00:00,ESP1light,ON
2025-12-21T04:22:45.487351+00:00,HueWhite0475,OFF
2025-12-21T04:23:14.485444+00:00,ESP1light,OFF
2025-12-21T04:23:39.494173+00:00,Nanoleaf1624,OFF
2025-12-21T04:24:01.487718+00:00,HueWhite0475,ON
2025-12-21T04:24:37.488850+00:00,ESP2light,ON
2025-12-21T04:25:03.487424+00:00,ESP3light,OFF
2025-12-21T04:25:04.486522+00:00,Nanoleaf1624,ON
2025-12-21T04:26:13.485655+00:00,ESP2light,OFF
2025-12-21T04:26:37.494724+00:00,ESP1light,ON
2025-12-21T04:26:41.488604+00:00,ESP2light,ON
2025-12-21T04:26:59.487046+00:00,HueWhite1549,ON
2025-12-21T04:28:15.494363+00:00,ESP1light,OFF
2025-12-21T04:29:19.488707+00:00,HueWhite1549,OFF
2025-12-21T04:29:39.488711+00:00,Nanoleaf1624,OFF
2025-12-21T04:29:59.486905+00:00,ESP3light,ON
2025-12-21T04:30:16.485916+00:00,Nanoleaf1624,ON
2025-12-21T04:30:54.495059+00:00,ESP1light,ON
2025-12-21T04:31:49.485451+00:00,HueWhite0475,OFF
2025-12-21T04:32:08.488361+00:00,ESP3light,OFF
2025-12-21T04:32:13.487743+00:00,ESP1light,OFF
2025-12-21T04:32:58.496520+00:00,HueWhite1549,ON
2025-12-21T04:33:27.487249+00:00,Nanoleaf1624,OFF
2025-12-21T04:33:37.486565+00:00,ESP1light,ON
2025-12-21T04:34:00.485742+00:00,ESP1light,OFF
2025-12-21T04:34:20.487949+00:00,ESP2light,OFF
2025-12-21T04:34:21.499563+00:00,HueWhite1549,OFF
2025-12-21T04:35:59.490433+00:00,ESP3light,ON
2025-12-21T04:36:41.487340+00:00,ESP2light,ON
2025-12-21T04:37:15.487693+00:00,ESP2light,OFF
2025-12-21T04:38:03.487135+00:00,HueWhite0475,ON
2025-12-21T04:38:24.487910+00:00,ESP1light,ON
2025-12-21T04:38:32.486672+00:00,ESP1light,OFF
2025-12-21T04:38:39.488455+00:00,Nanoleaf0176,ON
2025-12-21T04:38:50.486169+00:00,ESP2light,ON
2025-12-21T04:39:31.493167+00:00,Nanoleaf0176,OFF
2025-12-21T04:39:44.488848+00:00,ESP2light,OFF
2025-12-21T04:41:06.487185+00:00,ESP3light,OFF
2025-12-21T04:41:43.487571+00:00,HueWhite0475,OFF
2025-12-21T04:42:04.492195+00:00,Nanoleaf0176,ON
2025-12-21T04:42:05.485973+00:00,ESP2light,ON
2025-12-21T04:42:37.487771+00:00,HueWhite1549,ON
2025-12-21T04:42:52.485964+00:00,Nanoleaf1624,ON
2025-12-21T04:43:45.488145+00:00,Nanoleaf1624,OFF
2025-12-21T04:44:36.487808+00:00,HueWhite0475,ON
2025-12-21T04:44:44.487532+00:00,Nanoleaf0176,OFF
2025-12-21T04:44:44.501919+00:00,ESP1light,ON
2025-12-21T04:46:11.495628+00:00,Nanoleaf1624,ON
2025-12-21T04:46:38.485650+00:00,HueWhite0475,OFF
2025-12-21T04:47:21.486519+00:00,ESP1light,OFF
2025-12-21T04:47:41.487911+00:00,Nanoleaf0176,ON
2025-12-21T04:48:46.486566+00:00,HueWhite1549,OFF
2025-12-21T04:49:04.488249+00:00,HueWhite0475,ON
2025-12-21T04:49:12.488943+00:00,Nanoleaf1624,OFF
2025-12-21T04:50:12.486527+00:00,Nanoleaf1624,ON
2025-12-21T04:50:23.486242+00:00,Nanoleaf0176,OFF
2025-12-21T04:51:00.493800+00:00,ESP2light,OFF
2025-12-21T04:51:19.487283+00:00,Nanoleaf1624,OFF
2025-12-21T04:51:29.485723+00:00,ESP1light,ON
2025-12-21T04:52:40.487648+00:00,Nanoleaf1624,ON
2025-12-21T04:52:57.487129+00:00,ESP2light,ON
2025-12-21T04:53:10.487414+00:00,HueWhite0475,OFF
2025-12-21T04:54:22.488176+00:00,ESP2light,OFF
2025-12-21T04:54:22.503837+00:00,HueWhite0475,ON
2025-12-21T04:55:23.487704+00:00,ESP3light,ON
2025-12-21T04:56:05.492301+00:00,ESP3light,OFF
2025-12-21T04:56:07.487496+00:00,ESP3light,ON
2025-12-21T04:56:50.486591+00:00,ESP1light,OFF
2025-12-21T04:57:35.486854+00:00,Nanoleaf0176,ON
2025-12-21T04:57:46.487834+00:00,ESP1light,ON
2025-12-21T04:57:58.486731+00:00,Nanoleaf1624,OFF
2025-12-21T04:58:07.485240+00:00,HueWhite0475,OFF
2025-12-21T04:58:14.497114+00:00,ESP3light,OFF
2025-12-21T04:58:28.488220+00:00,ESP2light,ON
2025-12-21T04:58:52.489736+00:00,HueWhite1549,ON
2025-12-21T04:59:34.485513+00:00,ESP1light,OFF
2025-12-21T04:59:42.487279+00:00,ESP1light,ON
2025-12-21T05:00:32.487927+00:00,ESP2light,OFF
2025-12-21T05:00:57.487481+00:00,Nanoleaf1624,ON
2025-12-21T05:01:16.493286+00:00,ESP1light,OFF
2025-12-21T05:01:19.487801+00:00,HueWhite1549,OFF
2025-12-21T05:01:42.494311+00:00,ESP3light,ON
2025-12-21T05:02:56.487180+00:00,ESP1light,ON
2025-12-21T05:03:03.487730+00:00,ESP2light,ON
2025-12-21T05:03:07.485558+00:00,ESP1light,OFF
2025-12-21T05:03:28.494278+00:00,Nanoleaf1624,OFF
2025-12-21T05:04:10.485258+00:00,ESP3light,OFF
2025-12-21T05:04:14.487302+00:00,HueWhite0475,ON
2025-12-21T05:04:55.485366+00:00,Nanoleaf1624,ON
2025-12-21T05:05:57.488204+00:00,HueWhite0475,OFF
2025-12-21T05:06:55.488371+00:00,HueWhite1549,ON
